100,0.60828546907,198
1000,0.568757374313,198
1001,0.609283309283,198
1002,0.624701763775,198
1003,0.656491877607,198
1004,0.61655516201,198
1005,0.613309513575,198
1006,0.644917350419,198
1007,0.588825757576,198
1008,0.584333905089,198
1009,0.619225831456,198
101,0.600643021696,198
1010,0.62186719344,198
1011,0.620478816798,198
1012,0.573201433293,198
1013,0.604692760943,198
1014,0.455653021442,198
1015,0.588112092049,198
1016,0.574443413729,198
1017,0.629468374679,198
1019,0.422904509415,198
102,0.603226035455,198
1020,0.63611651685,198
1022,0.632520170256,198
1025,0.633402083664,198
1026,0.620306921814,198
1027,0.639339473163,198
1028,0.633132838634,198
1029,0.556976232082,198
103,0.60860456416,198
1030,0.650166342015,198
1031,0.633521360794,198
1032,0.626971469077,198
1033,0.6268996269,198
1034,0.602023319616,198
1035,0.622984228247,198
1036,0.444714636073,198
1039,0.634081996435,198
104,0.637150442633,198
1040,0.604893300015,198
1041,0.626565656566,198
1042,0.624558080808,198
1044,0.59658210007,198
1047,0.638898138898,198
1048,0.554908054908,198
1049,0.607493474067,198
105,0.595078776513,198
1050,0.598587920016,198
1051,0.603116704969,198
1052,0.605300903135,198
1053,0.63224991854,198
1054,0.605493437044,198
1055,0.610615141735,198
1056,0.631215063254,198
1057,0.614136153199,198
1058,0.600461001895,198
1059,0.617855840786,198
106,0.627064920034,198
1060,0.609967732884,198
1061,0.616585672001,198
1062,0.623281425365,198
1064,0.61588001961,198
1065,0.514854426619,198
1066,0.561488541327,198
1067,0.523692810458,198
1068,0.62700142916,198
1069,0.636055208574,198
107,0.636531056421,198
1070,0.579535189291,198
1071,0.64286588832,198
1072,0.621067942227,198
1073,0.586665879064,198
1074,0.581525983022,198
1075,0.598950544405,198
1076,0.592853600606,198
1078,0.58272417154,198
108,0.596940276552,198
1080,0.639786756453,198
1081,0.609638047138,198
1082,0.592212979468,198
1083,0.416393986817,198
1084,0.56742269319,198
1085,0.631566092706,198
1086,0.594298999061,198
1087,0.650128738364,198
1088,0.660364039732,198
1089,0.550642079712,198
109,0.610049210049,198
1090,0.623280314457,198
1091,0.563254720804,198
1092,0.649099692578,198
1093,0.589467609215,198
1094,0.640777649726,198
1095,0.621709321191,198
1096,0.593830265767,198
1097,0.581592177483,198
1098,0.615453902078,198
1099,0.619068462402,198
110,0.648564540872,198
1100,0.603120637267,198
1101,0.617112164731,198
1102,0.613199665831,198
1104,0.596048722519,198
1105,0.613157523337,198
1106,0.580468142968,198
1107,0.506120316465,198
1108,0.597349463629,198
1109,0.49565455121,198
111,0.607225258045,198
1111,0.63080535449,198
1112,0.601694023569,198
1113,0.602743749552,198
1114,0.619242934394,198
1115,0.594503594504,198
1116,0.573783815163,198
1117,0.618008495646,198
1118,0.631904468822,198
1120,0.594093254954,198
1122,0.602383109151,198
1123,0.526319533362,198
1124,0.607659082407,198
1125,0.609205421388,198
1126,0.594267821541,198
1128,0.569339225589,198
1129,0.63680036065,198
113,0.632953536821,198
1130,0.592754467754,198
1131,0.629388288479,198
1132,0.613434082426,198
1133,0.615978756475,198
1134,0.611415882968,198
1135,0.623022897937,198
1136,0.639652264419,198
1137,0.629336175208,198
1138,0.613884321249,198
1139,0.620567041128,198
114,0.611791675621,198
1140,0.594623773972,198
1141,0.626815541031,198
1142,0.550531355219,198
1143,0.633038896637,198
1144,0.64627039627,198
1145,0.587895764366,198
1147,0.591974925593,198
1148,0.616120150603,198
1149,0.586541086541,198
1150,0.596221048873,198
1151,0.579112596906,198
1152,0.590433147676,198
1153,0.610239170893,198
1154,0.663878009116,198
1155,0.617426146838,198
1159,0.571392389976,198
116,0.619620238668,198
1162,0.636300107998,198
1165,0.604878441276,198
1166,0.618629662319,198
1167,0.636106285788,198
1168,0.641778816853,198
117,0.612873415001,198
1174,0.61516591089,198
1176,0.640764140764,198
1177,0.602956649832,198
1178,0.571587671588,198
1179,0.571512223686,198
118,0.637466329966,198
1180,0.600417695845,198
1181,0.624932338829,198
1182,0.599811894455,198
1183,0.606863443846,198
1184,0.577941418851,198
1185,0.557669467055,198
1186,0.574401179323,198
1187,0.594901719902,198
1188,0.563229268357,198
119,0.611556399259,198
1190,0.583248092742,198
1191,0.608658008658,198
1192,0.627335627336,198
1193,0.623521897923,198
1194,0.607697343808,198
1195,0.585760517799,198
1196,0.621651295564,198
1197,0.594711285187,198
1201,0.583112448361,198
1202,0.609612102763,198
1204,0.575975106874,198
1205,0.590286669512,198
1206,0.572964493419,198
1207,0.633840462236,198
1208,0.625005501639,198
1209,0.638701129929,198
1210,0.651576000974,198
1211,0.621114109128,198
1212,0.548816779695,198
1213,0.6044597911,198
122,0.573247911211,198
1221,0.653094180576,198
1222,0.666088748178,198
1223,0.647965504098,198
1224,0.685110362888,198
1225,0.621347217026,198
1226,0.646010446597,198
1227,0.59670781893,198
1228,0.624145338869,198
123,0.581732503608,198
1230,0.636351072918,198
1231,0.642901234568,198
1232,0.661059938593,198
1233,0.65866365677,198
1235,0.623612361236,198
1236,0.615444877821,198
1237,0.573151901177,198
1238,0.615889082078,198
1239,0.578018278018,198
124,0.615224828935,198
1240,0.424349182886,198
1241,0.566778900112,198
1242,0.647241647242,198
1243,0.601618032174,198
1245,0.644896204249,198
1246,0.60173332369,198
1247,0.664263322884,198
1248,0.623753255829,198
1249,0.627301631942,198
125,0.625420875421,198
1252,0.60402922211,198
1253,0.608190337106,198
1254,0.635025384049,198
1255,0.62744712595,198
1256,0.614843875261,198
1257,0.562871707732,198
1258,0.635715854194,198
126,0.660661339766,198
1260,0.590303030303,198
1261,0.62244618127,198
1262,0.633288853719,198
1265,0.599908071948,198
1266,0.618750938961,198
1267,0.590637706758,198
1268,0.66564940182,198
1269,0.630209067418,198
1270,0.63659804799,198
1271,0.656385696041,198
1273,0.632466439285,198
1274,0.62954585348,198
1275,0.623425077971,198
1276,0.613356951562,198
1278,0.625051326271,198
1279,0.638993656161,198
128,0.600104049757,198
1280,0.656817628035,198
1281,0.58160703076,198
1282,0.616361039226,198
1283,0.616299107225,198
1284,0.627555624978,198
1285,0.598614348614,198
1286,0.611289102479,198
1287,0.647562368323,198
1288,0.650331088664,198
129,0.599854264033,198
1290,0.621608946609,198
1291,0.598204264871,198
1292,0.571272837666,198
1293,0.589368865965,198
1294,0.602644805543,198
1295,0.584148255463,198
1296,0.612584175084,198
1297,0.604831082359,198
1298,0.576181314277,198
1299,0.568058361392,198
130,0.595355468561,198
1300,0.516907581563,198
1301,0.587853847113,198
1302,0.60874198979,198
1304,0.597537878788,198
1305,0.585321298087,198
1306,0.634996660823,198
1307,0.620954919566,198
1308,0.598583768207,198
1309,0.587398004065,198
131,0.605007157402,198
1310,0.588538552713,198
1311,0.595472266525,198
1312,0.602210221022,198
1313,0.601456061721,198
1314,0.598464380379,198
1315,0.592223043443,198
1316,0.589046281354,198
1317,0.635433836271,198
1318,0.615119891363,198
1319,0.644979203803,198
132,0.610850729517,198
1320,0.640462596984,198
1321,0.602533574016,198
1322,0.608290507413,198
1323,0.59641983383,198
1324,0.564487110289,198
1325,0.618300872445,198
1326,0.642983021706,198
1327,0.589850889851,198
1328,0.570382675034,198
1329,0.592672253556,198
133,0.64212697546,198
1331,0.622201845545,198
1332,0.555364642994,198
1333,0.577327327327,198
1334,0.618771381824,198
1335,0.583248820197,198
1337,0.605879305879,198
1338,0.622558922559,198
1339,0.598679098679,198
1340,0.641626997949,198
1341,0.595898478737,198
1342,0.604204437538,198
1343,0.630742415428,198
1344,0.577330683888,198
1345,0.563820018365,198
1347,0.561270600744,198
1348,0.545678184055,198
1349,0.594061530336,198
135,0.556615171321,198
1350,0.637269926014,198
1351,0.667660860574,198
1352,0.634604872252,198
1353,0.622677260753,198
1355,0.641755037394,198
1356,0.543133668648,198
1357,0.607218621669,198
1358,0.616167012,198
1359,0.620391680518,198
136,0.621107948732,198
1361,0.630362973166,198
1366,0.623084074577,198
1368,0.685083628239,198
1369,0.644539598887,198
137,0.644841733531,198
1371,0.643234311131,198
1372,0.653910581771,198
1373,0.633346801347,198
1374,0.647181449916,198
1375,0.638814858685,198
1376,0.65626687811,198
1377,0.634655911634,198
1379,0.649515613415,198
138,0.657727110852,198
1380,0.629675543312,198
1381,0.635797869404,198
1382,0.649051009707,198
1383,0.649751134534,198
1384,0.648208614182,198
1385,0.63264710598,198
1386,0.607562107562,198
1388,0.630588834077,198
1389,0.630462329387,198
139,0.624996866932,198
1390,0.624015786492,198
1391,0.604218283464,198
1392,0.639776820575,198
1393,0.638798841124,198
1394,0.62445800935,198
1395,0.633838383838,198
1396,0.572091001916,198
1397,0.643504555827,198
1398,0.596475263142,198
1399,0.59983639209,198
140,0.613065867542,198
1400,0.575933756166,198
1403,0.616780339003,198
1404,0.632866192188,198
1405,0.570997747257,198
1406,0.621866641493,198
1407,0.650413383398,198
1408,0.593013468013,198
141,0.610888666444,198
1410,0.598543736404,198
1411,0.658021315916,198
1412,0.613171340444,198
1413,0.633651888143,198
1414,0.648140530493,198
1415,0.592316462687,198
1416,0.631313131313,198
1417,0.619694598568,198
1418,0.630085314296,198
142,0.636003642293,198
1420,0.638487979095,198
1421,0.629613993391,198
1422,0.620242277851,198
1423,0.653024943914,198
1424,0.641582049719,198
1425,0.606894131324,198
1426,0.657070043404,198
1427,0.594686948854,198
1428,0.636944356457,198
1429,0.651404325386,198
143,0.619459361548,198
1430,0.450306421529,198
1431,0.635089934432,198
1432,0.578444259951,198
1433,0.639154305821,198
1434,0.602306397306,198
1435,0.60778128286,198
1436,0.578775745442,198
1437,0.555818120038,198
1438,0.642434642435,198
144,0.623722342472,198
1440,0.587931787006,198
1441,0.607957080849,198
1442,0.595870319355,198
1443,0.584890903789,198
1444,0.64492646333,198
1445,0.6054001554,198
1446,0.650121908743,198
1447,0.615953347912,198
1448,0.62469974931,198
1449,0.606534355278,198
145,0.492505702183,198
1450,0.613420793299,198
1451,0.624271507992,198
1452,0.604458952409,198
1453,0.632015952404,198
1454,0.636485857797,198
1455,0.645865319865,198
1458,0.619420932854,198
1459,0.590596584609,198
146,0.648510368559,198
1460,0.611934563022,198
1461,0.660472243806,198
1462,0.587881974317,198
1464,0.640607576299,198
147,0.637321127946,198
1475,0.636473813175,198
1476,0.58818958819,198
1477,0.584495751162,198
1478,0.619961048392,198
1479,0.599286651829,198
148,0.622419053742,198
1480,0.615901534482,198
1481,0.574095117845,198
1482,0.581142305407,198
1483,0.597916837754,198
1484,0.591530570503,198
1485,0.606944819111,198
1486,0.622926683812,198
1487,0.609258655854,198
1488,0.617773309716,198
149,0.629806840333,198
1490,0.649658982992,198
1491,0.567637485971,198
1492,0.567059483726,198
1493,0.619291347479,198
1494,0.630092592593,198
1495,0.630541120907,198
1496,0.630709876543,198
1497,0.657147229875,198
1498,0.543729982754,198
15,0.624839430722,198
150,0.640708515296,198
1501,0.58129513161,198
1502,0.620808080808,198
1503,0.641392558059,198
1504,0.607536552742,198
1506,0.615404986192,198
1507,0.67459478506,198
1508,0.534235484617,198
1509,0.598894514149,198
1510,0.598704914064,198
1511,0.622053872054,198
1512,0.61528484641,198
1513,0.625195944755,198
1515,0.513501023305,198
1516,0.61371446423,198
1517,0.383780991736,198
1519,0.633503596572,198
1523,0.614862450875,198
1524,0.567572720164,198
1526,0.585468809607,198
1527,0.606814316636,198
1528,0.595825198766,198
1529,0.623992658829,198
153,0.619689500236,198
1530,0.632595268357,198
1531,0.560557498057,198
1533,0.556768400854,198
1534,0.6200958864,198
1535,0.612943955686,198
1536,0.604223125565,198
1537,0.609308900976,198
1539,0.60962164013,198
154,0.638784588174,198
1540,0.601225016119,198
1541,0.606095497287,198
1542,0.579958210183,198
1543,0.616005931837,198
1544,0.621037211946,198
1545,0.619077537738,198
1546,0.635412567231,198
1547,0.633287949317,198
1548,0.594605054375,198
1549,0.616133926989,198
155,0.656407973212,198
1550,0.594145155256,198
1551,0.610676659064,198
1552,0.639843410178,198
1554,0.611216329966,198
1555,0.643557234062,198
1556,0.665602825212,198
1557,0.640269073105,198
1558,0.639925828332,198
1559,0.62783712424,198
1560,0.494319047817,198
1561,0.598222581902,198
1562,0.631302543252,198
1563,0.628911262462,198
1564,0.598696411531,198
1565,0.632303426421,198
1566,0.652583757194,198
1570,0.577397632236,198
1571,0.620668282188,198
1572,0.597867564534,198
1573,0.644462299765,198
1574,0.613891604214,198
1575,0.623099850969,198
1576,0.655190295815,198
1577,0.559932659933,198
1579,0.596890420964,198
1580,0.539046662083,198
1581,0.622658128908,198
1583,0.583973342238,198
1584,0.497789247789,198
1585,0.622341898204,198
1586,0.640106841224,198
1587,0.621178618691,198
1588,0.596906565657,198
1589,0.594485156577,198
159,0.514297652787,198
1590,0.643097643098,198
1591,0.578030917447,198
1592,0.573184676958,198
1593,0.625314228255,198
1594,0.575498150908,198
1596,0.631910982618,198
1597,0.627277633653,198
1598,0.584293280688,198
1599,0.59176177358,198
16,0.63402591314,198
160,0.572752940466,198
1600,0.623209216346,198
1601,0.626152396986,198
1602,0.640447023426,198
1603,0.627984513978,198
1604,0.623842592593,198
1606,0.633086135618,198
1608,0.574062998405,198
1609,0.637295764664,198
161,0.537600439991,198
1610,0.633085238348,198
1611,0.572349310094,198
1612,0.469696969697,198
1613,0.586546914133,198
1614,0.604888239828,198
1615,0.593219011824,198
1616,0.624254594134,198
1617,0.637069262482,198
1618,0.598759332455,198
1619,0.591373677427,198
162,0.569792451882,198
1620,0.66139411703,198
1621,0.604289421998,198
1622,0.585873396724,198
1624,0.652437006571,198
1625,0.640299094845,198
1626,0.646050347222,198
1627,0.62822671156,198
1628,0.632467840801,198
1629,0.596311372431,198
163,0.598044220788,198
164,0.559684684685,198
1647,0.599184830764,198
1648,0.570145903479,198
1649,0.576830576831,198
165,0.574655372862,198
1650,0.659309140791,198
1651,0.642467366605,198
1652,0.630317669448,198
1653,0.632292700303,198
1654,0.63688973064,198
1655,0.631818181818,198
1657,0.477606251191,198
1658,0.615970874592,198
1659,0.607700941034,198
166,0.632084080682,198
1660,0.643877195601,198
1661,0.632897603486,198
1662,0.595593617333,198
1663,0.657957221541,198
1664,0.618810876623,198
1665,0.638539482879,198
1666,0.583309283309,198
1667,0.648676025795,198
1668,0.65985507921,198
1669,0.609741482623,198
167,0.602766224335,198
1670,0.612552424833,198
1671,0.62513675132,198
1672,0.607815746114,198
1673,0.579953890299,198
1674,0.620965054412,198
1675,0.620335459045,198
1676,0.611667859699,198
1677,0.629048420715,198
1678,0.642946430372,198
1679,0.630586402326,198
168,0.623335414066,198
1680,0.615951178451,198
1681,0.626021463487,198
1682,0.548470819304,198
1683,0.619711971197,198
1685,0.645518975766,198
169,0.600748763204,198
1694,0.6108827291,198
1695,0.628190822958,198
1696,0.559099997403,198
17,0.555050505051,198
170,0.617090017825,198
1703,0.565674619294,198
1705,0.614772604569,198
1706,0.620411431387,198
1707,0.559717649518,198
1708,0.622050357437,198
1709,0.650562283474,198
1710,0.639382329038,198
1711,0.643375616631,198
1712,0.615486588917,198
1715,0.648846599666,198
1716,0.648727897072,198
1717,0.616187188339,198
1718,0.496723184223,198
1719,0.627358005087,198
172,0.633813626461,198
1720,0.565819485174,198
1721,0.627292340885,198
1722,0.618254819582,198
1724,0.623865258786,198
1725,0.615474153757,198
1728,0.62930474334,198
1729,0.611200123844,198
173,0.635043771044,198
1730,0.560050678607,198
1731,0.597588200849,198
1732,0.639294176331,198
1733,0.6255886211,198
1734,0.623205915363,198
1735,0.619235229194,198
1736,0.596961680295,198
1737,0.612365534405,198
1738,0.565885391128,198
1739,0.601905231174,198
174,0.656016959721,198
1740,0.606573868769,198
1741,0.598421959054,198
1743,0.615782828283,198
1744,0.622384767212,198
1745,0.63370638692,198
1746,0.568468568469,198
1747,0.606679727587,198
1748,0.599510863192,198
1749,0.61545368212,198
175,0.63048691093,198
1750,0.534149078865,198
1751,0.537669932407,198
1752,0.558353487931,198
1753,0.600596125186,198
1754,0.604191633853,198
1755,0.593075974264,198
1756,0.317576609982,198
1758,0.666470703508,198
1759,0.631356483288,198
176,0.636012678358,198
1760,0.627158105882,198
1761,0.610832385667,198
1762,0.649528067561,198
1763,0.609622342831,198
1764,0.610722610723,198
1765,0.650380877331,198
1766,0.628137040508,198
177,0.627080598832,198
1775,0.603664270331,198
1776,0.638719912883,198
1777,0.640836940837,198
1778,0.573305351844,198
1779,0.6096355714,198
178,0.6138133842,198
1780,0.596244935228,198
1781,0.644091185075,198
1782,0.567495467495,198
1784,0.652831244036,198
1785,0.607721046077,198
1786,0.558836108836,198
1787,0.643359780038,198
1788,0.628006379585,198
1789,0.651591674319,198
179,0.652876113156,198
1790,0.649658982992,198
1791,0.639433124347,198
1792,0.661374799368,198
1793,0.632414189286,198
1794,0.618494980197,198
1795,0.595298220298,198
1796,0.608804213755,198
1797,0.612845987259,198
1798,0.605181062324,198
1799,0.628878787879,198
18,0.564175084175,198
1800,0.643079075064,198
1801,0.578839072991,198
1802,0.544801246294,198
1803,0.614908206149,198
1804,0.579759862779,198
1805,0.616838487973,198
1806,0.602437930709,198
1807,0.62317186311,198
1808,0.616730800064,198
1809,0.607423027526,198
181,0.631678052198,198
1810,0.650364501282,198
1811,0.589754342462,198
1812,0.630020555114,198
1813,0.605426055426,198
1814,0.626693893669,198
1815,0.620374945103,198
1816,0.617073512907,198
1817,0.608949515294,198
1818,0.591147322279,198
1819,0.481116277413,198
182,0.619482965246,198
1820,0.591888083736,198
1821,0.546488696489,198
1822,0.599515993266,198
1823,0.577345922998,198
1824,0.637637241985,198
1825,0.630897516835,198
1826,0.624354041021,198
1827,0.620016527327,198
1828,0.585269592157,198
1829,0.574501148969,198
183,0.56550714243,198
1830,0.668936138549,198
1831,0.624022375991,198
1832,0.644830369977,198
1833,0.627954601948,198
1834,0.64523415978,198
1835,0.63901594562,198
1836,0.622240927796,198
1838,0.660081935944,198
1839,0.654019873532,198
184,0.562211461696,198
1840,0.620756653291,198
1841,0.657423657424,198
1842,0.64043685442,198
1843,0.637352489294,198
1844,0.581448134164,198
1847,0.616358874945,198
185,0.603080184562,198
1851,0.455114104003,198
1852,0.639543075684,198
1853,0.62521592739,198
1855,0.606210250655,198
1856,0.581606442431,198
1857,0.630807135021,198
1858,0.603003561487,198
1859,0.62656763012,198
186,0.614767360405,198
1860,0.508682058682,198
1861,0.618776416649,198
1863,0.642814770873,198
1864,0.63381464683,198
1865,0.596907055047,198
1866,0.62946200825,198
1867,0.521819067872,198
1869,0.642344497608,198
187,0.54531986532,198
1870,0.632815999769,198
1871,0.612164956653,198
1872,0.626244155241,198
1874,0.622514658075,198
1875,0.537775839934,198
1876,0.615410950299,198
1878,0.616374418341,198
1879,0.616325062927,198
188,0.622923221284,198
1880,0.634863339275,198
1881,0.605326771993,198
1882,0.633706138694,198
1883,0.621973705307,198
1884,0.586588262226,198
1885,0.61282031511,198
1886,0.603466503203,198
1887,0.646549528902,198
1888,0.637175204904,198
1889,0.592693496479,198
189,0.606210250655,198
1890,0.609210716573,198
1891,0.591190543203,198
1892,0.570657189176,198
1893,0.61018956126,198
1894,0.600738568481,198
1895,0.604517111617,198
1896,0.608934721102,198
1897,0.626701239728,198
1899,0.651002209596,198
19,0.530324893961,198
190,0.576117356359,198
1900,0.606440581362,198
1901,0.657650757177,198
1902,0.638627655869,198
1903,0.612918023015,198
1904,0.587258163647,198
1905,0.623437959008,198
1909,0.615180582806,198
191,0.621134960718,198
1910,0.629068462402,198
1911,0.629663708611,198
1912,0.617474747475,198
1913,0.628758069736,198
1914,0.601775329048,198
1915,0.532349777163,198
1916,0.602060448999,198
1917,0.617085850126,198
1919,0.629109963515,198
192,0.604387827318,198
1923,0.616702451244,198
1924,0.636874699375,198
1925,0.435145101812,198
1927,0.574705387205,198
1928,0.614655928966,198
1929,0.646766813433,198
193,0.592753564865,198
1930,0.628787878788,198
1931,0.608418425857,198
1933,0.626608072063,198
1934,0.655290684624,198
1935,0.626883239171,198
1936,0.625154105154,198
1938,0.626704641545,198
1939,0.626255274727,198
194,0.574791121087,198
1940,0.580154293747,198
1941,0.626208494376,198
1942,0.65420344587,198
1943,0.658630713129,198
1944,0.614040087394,198
1945,0.589786756453,198
1946,0.662593678723,198
1948,0.622832403778,198
195,0.658727351334,198
1950,0.620102540557,198
1951,0.576043260892,198
1953,0.598882690922,198
1954,0.631433791843,198
1955,0.6945895739,198
1956,0.638325491267,198
1957,0.641659311562,198
1958,0.625938345201,198
1959,0.485518059382,198
196,0.615179573513,198
1961,0.61364007179,198
1962,0.62043078311,198
1964,0.582491582492,198
1965,0.565729130384,198
1966,0.629420698633,198
1968,0.572063224841,198
1969,0.596809250565,198
197,0.650744037108,198
1970,0.59363134895,198
1971,0.642382289347,198
1972,0.630939476061,198
1973,0.646051772478,198
1974,0.598912043356,198
1975,0.641937391937,198
1976,0.594684591008,198
1977,0.653435999338,198
1978,0.651418292514,198
1979,0.65197937291,198
198,0.63628533396,198
1980,0.659051984196,198
1981,0.634640817231,198
1982,0.647226909939,198
1983,0.571448613115,198
1984,0.608987308987,198
1985,0.585525800642,198
199,0.594846098783,198
1990,0.63238724046,198
1991,0.588051053167,198
1992,0.611154919705,198
1993,0.608844157581,198
1994,0.576438542731,198
1995,0.605538376967,198
1996,0.63126379793,198
1997,0.60535485863,198
1998,0.634384783508,198
1999,0.615060457828,198
2,0.622362946479,198
20,0.598881535663,198
200,0.591736074192,198
2000,0.604301562635,198
2001,0.583603524962,198
2003,0.609992872767,198
2004,0.603083302157,198
2006,0.593387252478,198
2007,0.649712914197,198
2008,0.551038391259,198
2009,0.487533284919,198
201,0.617629786234,198
2010,0.624956461163,198
2011,0.624320692303,198
2012,0.611561546344,198
2013,0.549699448472,198
2014,0.645706671773,198
2015,0.663435429564,198
2016,0.616141887626,198
2017,0.44397035489,198
2018,0.644303931706,198
2019,0.674606860431,198
202,0.589547843673,198
2020,0.627032432588,198
2024,0.583253797821,198
2025,0.573760026359,198
2026,0.629542012442,198
2027,0.614933247201,198
2028,0.633789393049,198
2029,0.60789655081,198
203,0.662129772299,198
2030,0.586530803744,198
2031,0.604372479372,198
2032,0.604868793758,198
2033,0.57754699311,198
2034,0.623320584486,198
2035,0.651176516119,198
2037,0.611779081134,198
2038,0.547194163861,198
2039,0.532789312882,198
204,0.645925594201,198
2040,0.51411725627,198
2042,0.617330164389,198
2043,0.587858381798,198
2045,0.624272070813,198
2047,0.60975671502,198
2048,0.622770403762,198
205,0.644140620572,198
2050,0.62249633083,198
2051,0.63755632123,198
2052,0.65039934226,198
2053,0.6521475116,198
2054,0.612135851266,198
2055,0.533108866442,198
2057,0.607108379836,198
2058,0.56482737826,198
206,0.62354107611,198
2060,0.566935860253,198
2061,0.657870756495,198
2062,0.676641414141,198
2063,0.62610909938,198
2066,0.610447422947,198
2067,0.631853122419,198
2068,0.647909776228,198
2069,0.629095970599,198
207,0.581140866025,198
2070,0.645051194539,198
2072,0.584981441471,198
2073,0.585138971413,198
2076,0.613302139037,198
2077,0.586649240004,198
2078,0.59977984978,198
2079,0.521825664048,198
208,0.583273596177,198
2080,0.596414499606,198
2081,0.648055901481,198
2082,0.596711055189,198
2083,0.611533516988,198
2084,0.528911518071,198
2085,0.627053361902,198
2086,0.564161350346,198
209,0.649904318969,198
2093,0.5539246633,198
2094,0.632976152441,198
2097,0.638554948391,198
2098,0.625391666401,198
2099,0.672244597878,198
21,0.626934793601,198
210,0.508467762199,198
2100,0.647720316109,198
2101,0.617601779844,198
2102,0.661860738132,198
2103,0.63510448841,198
2104,0.602719110295,198
2105,0.610953774505,198
2106,0.603810268793,198
2107,0.601884435755,198
2108,0.612037037037,198
2109,0.629031710896,198
2110,0.588867845118,198
2111,0.566541238638,198
2112,0.541935520196,198
2113,0.611818061996,198
2114,0.625786943969,198
2115,0.667708589965,198
2116,0.609505309505,198
2117,0.62146882537,198
2118,0.602770962727,198
2119,0.623654849145,198
212,0.59977324263,198
2120,0.588210655196,198
2121,0.529931669638,198
2124,0.626999158249,198
2125,0.634601466377,198
2126,0.623258099335,198
2127,0.633327528155,198
2128,0.610462548987,198
2129,0.625406923749,198
213,0.632966783676,198
2130,0.63474418094,198
2131,0.665502244669,198
2132,0.663778708494,198
2133,0.636863585348,198
2134,0.578367003367,198
2137,0.636078527208,198
2138,0.647935667353,198
2139,0.646896176959,198
214,0.640026878224,198
2140,0.609547530095,198
2141,0.637447925584,198
2143,0.627712532019,198
2144,0.628318984024,198
2146,0.576833912899,198
2147,0.642669340463,198
2148,0.639560466275,198
2149,0.628618272275,198
215,0.612587536709,198
2152,0.604736687261,198
2153,0.639366786141,198
2154,0.60572506277,198
2155,0.626707900259,198
2156,0.654202632384,198
2158,0.595583236208,198
2159,0.571263227513,198
216,0.639412672356,198
2161,0.571363951037,198
2162,0.623845290512,198
2163,0.639210900956,198
2165,0.6241735847,198
2166,0.588657896797,198
2167,0.671679197995,198
2168,0.621678090428,198
2169,0.533579033579,198
217,0.620043789443,198
2170,0.596924529851,198
2171,0.577513699082,198
2172,0.634295522677,198
2173,0.649261431519,198
2174,0.616192677078,198
2180,0.594825257927,198
2181,0.575223782541,198
2182,0.605758247665,198
2183,0.568624094048,198
2184,0.575888597181,198
2185,0.546896106776,198
2186,0.530335281293,198
2187,0.606186475345,198
2188,0.600498158978,198
219,0.623220454389,198
2190,0.616485886149,198
2191,0.628284763342,198
2192,0.610149852434,198
2193,0.609286336559,198
2194,0.634846044991,198
2195,0.623825764375,198
2196,0.633001628551,198
2197,0.595050663126,198
2198,0.61562049062,198
2199,0.649579992363,198
22,0.619486531987,198
220,0.624977710647,198
2200,0.633229597982,198
2201,0.610314055004,198
2202,0.625807413686,198
2203,0.595843855219,198
2204,0.587815087815,198
2205,0.612403635628,198
2207,0.592779020631,198
2208,0.627801886676,198
2209,0.630845491957,198
221,0.615738093726,198
2210,0.642120356103,198
2211,0.60873015873,198
2212,0.646727054622,198
2213,0.646838320904,198
2214,0.650517520888,198
2215,0.615267507612,198
2216,0.627460135951,198
2217,0.60142801252,198
2218,0.607455730141,198
2219,0.649121829034,198
222,0.614643366177,198
2220,0.553359111953,198
2221,0.649281013892,198
2222,0.58571647208,198
2223,0.573646518091,198
2224,0.594375857339,198
2225,0.607109303188,198
2226,0.62714867978,198
2227,0.627207029646,198
223,0.603303872054,198
2231,0.606358395273,198
2232,0.583958854601,198
2233,0.61694886515,198
2234,0.466762598048,198
2236,0.633927211817,198
2237,0.624221624222,198
2238,0.6152090298,198
2239,0.609345985104,198
224,0.610646696854,198
2240,0.571724008272,198
2241,0.619998464731,198
2250,0.581510204733,198
2251,0.586268086268,198
2252,0.59973449621,198
2253,0.586440986441,198
2254,0.556205328135,198
2255,0.445863867432,198
2256,0.585418579737,198
2259,0.635866602533,198
226,0.645326408484,198
2260,0.548429752066,198
2261,0.581074371959,198
2262,0.640826940655,198
2263,0.627874679599,198
2264,0.622463372463,198
2265,0.638646566677,198
2266,0.623476140718,198
2267,0.612486185005,198
2268,0.58616870459,198
2269,0.531844369622,198
227,0.612547337899,198
2270,0.558860207008,198
2271,0.660896600413,198
2272,0.575725509059,198
2273,0.61741961742,198
2274,0.48849114931,198
2275,0.569515179809,198
2276,0.590574778518,198
2277,0.45914844649,198
2278,0.61176046176,198
228,0.611510045159,198
2280,0.65826277147,198
2281,0.624794170415,198
2282,0.638779095301,198
2283,0.660033167496,198
2284,0.615690959777,198
2285,0.414250027153,198
2286,0.589486055524,198
2287,0.546956406167,198
2288,0.63724246874,198
2289,0.604353326105,198
229,0.610525689111,198
2290,0.62817791441,198
2291,0.640441561263,198
2292,0.637199775533,198
2293,0.538319330375,198
2294,0.628414204349,198
2295,0.602902178123,198
2296,0.630935448358,198
2297,0.621915312245,198
2298,0.637144390768,198
2299,0.61921376616,198
23,0.523407992973,198
2300,0.618545240767,198
2301,0.641857403825,198
2302,0.603883485056,198
2303,0.632475044314,198
2304,0.620944946914,198
2306,0.622301445831,198
2307,0.664562289562,198
2308,0.608293583988,198
2309,0.602746212121,198
231,0.615843974335,198
2310,0.631431064881,198
2311,0.611095303584,198
2312,0.608375420875,198
2313,0.6389879184,198
2314,0.602196204469,198
2315,0.629512951295,198
2316,0.637352847207,198
2317,0.548376274826,198
2318,0.603074394741,198
232,0.648531349299,198
2320,0.602481651043,198
2321,0.582483770419,198
2323,0.623569023569,198
2324,0.647013018349,198
2325,0.585547620579,198
2326,0.59986890379,198
2327,0.635867721139,198
2328,0.626382876383,198
2329,0.590616912931,198
2331,0.56817731684,198
2334,0.40990550668,198
2335,0.571538429563,198
2336,0.615934990935,198
2338,0.641828491635,198
2339,0.627011989817,198
234,0.623253257968,198
2340,0.577106290174,198
2341,0.627015137044,198
2343,0.613029708535,198
2344,0.641324751944,198
2345,0.663427477961,198
2346,0.637192483901,198
2347,0.653605951993,198
2348,0.641776123005,198
2349,0.527568752401,198
235,0.631395003735,198
2350,0.619481456875,198
2351,0.615987776314,198
2352,0.608595855627,198
2353,0.62124012124,198
2354,0.620562240048,198
2355,0.631506989083,198
2356,0.60979942575,198
2358,0.664642784861,198
2359,0.643382725046,198
236,0.652894405906,198
2360,0.59573808258,198
2361,0.583408714006,198
2362,0.634893593028,198
2363,0.561043681733,198
2364,0.596760443308,198
2366,0.588687803966,198
2367,0.610565424359,198
2368,0.638251476114,198
2369,0.624422276596,198
237,0.606891565225,198
2370,0.621079023857,198
2372,0.64305368744,198
2373,0.584624017957,198
2374,0.581532456034,198
2375,0.621341452722,198
2376,0.509528785391,198
2377,0.623382418563,198
2378,0.532950232597,198
2379,0.539304846865,198
238,0.504338879943,198
2380,0.487925853517,198
2381,0.635593354933,198
2382,0.622126022126,198
2383,0.596723044397,198
2384,0.619680175641,198
2385,0.614640832113,198
2386,0.648525570354,198
2387,0.620905171396,198
2388,0.548073325851,198
2389,0.635546244871,198
239,0.646427235316,198
2390,0.608903853348,198
2391,0.641423310813,198
2392,0.621452621453,198
2393,0.616398063027,198
2394,0.575224189086,198
2395,0.642303771662,198
2397,0.539184468203,198
2398,0.63637197053,198
2399,0.605796055796,198
24,0.596888164153,198
240,0.631662149955,198
2400,0.629879037286,198
2401,0.647438882733,198
2402,0.596242227629,198
2403,0.636005892256,198
2404,0.655353825612,198
2405,0.588664421998,198
2406,0.608455832033,198
2407,0.6,198
2408,0.628901448346,198
2409,0.594840246436,198
241,0.528449047436,198
2410,0.637754123514,198
2411,0.615118964062,198
2412,0.631034097885,198
2413,0.638147946531,198
2415,0.63839462238,198
2416,0.658765432099,198
2417,0.433973885193,198
2418,0.600758832102,198
2419,0.625242727095,198
242,0.640678359206,198
2420,0.61004673759,198
2421,0.642783446062,198
2422,0.583037583038,198
2423,0.560008245723,198
2424,0.628447905986,198
2425,0.619890731211,198
2426,0.636000290677,198
2427,0.599099574408,198
2428,0.621224939753,198
2429,0.565524155412,198
243,0.609435902539,198
2430,0.650555555556,198
2431,0.619867832554,198
2432,0.586355682812,198
2433,0.595955871398,198
2434,0.598770580422,198
2435,0.609311314903,198
2436,0.611330698287,198
2437,0.600406581539,198
2438,0.62144471026,198
244,0.643057830558,198
2441,0.584779562967,198
2442,0.565530931203,198
2443,0.575767087067,198
2444,0.579112888141,198
2445,0.631377881378,198
2446,0.580944317939,198
2447,0.559638378536,198
2448,0.614619626214,198
2449,0.607861700877,198
245,0.638892697716,198
2450,0.595358345358,198
2451,0.596299011622,198
2452,0.580872418452,198
2453,0.596892736893,198
2455,0.604802065967,198
2456,0.602803738318,198
2457,0.614421184469,198
2458,0.579828901257,198
2459,0.617410665798,198
246,0.641243351388,198
2460,0.551627384961,198
2461,0.627505827506,198
2462,0.619438924767,198
2463,0.603632947836,198
2464,0.575280164832,198
2465,0.576094276094,198
2466,0.578700281952,198
2467,0.584093360792,198
2468,0.592990840303,198
2469,0.581814880834,198
247,0.648933455056,198
2470,0.571719703299,198
2471,0.581214769417,198
2472,0.63061746946,198
2473,0.636328194223,198
2474,0.600529100529,198
2475,0.617771001419,198
2476,0.594370249851,198
2477,0.590561579094,198
2478,0.605745804933,198
2479,0.633851333851,198
248,0.614825503714,198
2480,0.580138676578,198
2481,0.633856293431,198
2482,0.587649545096,198
2483,0.59591429995,198
2484,0.621636979681,198
2485,0.636860722505,198
2486,0.579695257661,198
2487,0.600784750391,198
2488,0.633385133385,198
2489,0.642204121703,198
249,0.591630284086,198
2490,0.539963497907,198
2492,0.592972901708,198
2493,0.639866324941,198
2494,0.640519040167,198
2495,0.629214441714,198
2496,0.584057239057,198
2497,0.629750570843,198
2498,0.622992747993,198
2499,0.525771872392,198
25,0.603212722809,198
250,0.594953205146,198
2500,0.625574795575,198
2501,0.607186058112,198
2502,0.632685832686,198
2503,0.622045570764,198
2504,0.546552251881,198
2505,0.525793099188,198
2507,0.598656052046,198
2508,0.602541035354,198
2509,0.60165183185,198
251,0.606650258935,198
2510,0.583658555249,198
2512,0.568939393939,198
2513,0.565081794375,198
2514,0.547513084642,198
2515,0.583618612907,198
2516,0.57455539142,198
2517,0.571072426392,198
2518,0.559462416003,198
2519,0.543854293854,198
252,0.599333793778,198
2520,0.584680992151,198
2521,0.57503552343,198
2522,0.488061274321,198
2523,0.551330919255,198
2524,0.574371162606,198
2525,0.571690400437,198
2526,0.588478000342,198
253,0.631881059592,198
2532,0.567886873989,198
2533,0.478210953856,198
2534,0.547601482995,198
2535,0.576875526094,198
2536,0.55550382785,198
2537,0.524284843182,198
2538,0.490825171676,198
2539,0.549295774648,198
254,0.62593714927,198
2540,0.597115636888,198
2541,0.627329634372,198
2542,0.62026384607,198
2543,0.621711464932,198
2544,0.585594904872,198
2545,0.509539842873,198
255,0.592241863075,198
2552,0.594006734007,198
2555,0.611182168,198
2556,0.597927997928,198
2557,0.619258690989,198
2558,0.594022936128,198
2559,0.606266749124,198
256,0.635927778323,198
2560,0.630860095976,198
2561,0.630369892781,198
2562,0.599761051374,198
2563,0.631613756614,198
2564,0.624017309352,198
2566,0.621474864249,198
2567,0.619581529582,198
2568,0.636391694725,198
257,0.634418476061,198
2572,0.639417989418,198
2573,0.580282828283,198
2574,0.629270274282,198
2575,0.644548694758,198
2576,0.650515965977,198
2578,0.645952276387,198
2579,0.555622671902,198
258,0.615756523569,198
2580,0.57905529922,198
2581,0.599898063201,198
2582,0.647443201937,198
2583,0.619891362985,198
2584,0.630567345551,198
2585,0.610041923412,198
2586,0.590793710731,198
2587,0.625288316233,198
2588,0.611932938856,198
2589,0.590971635863,198
259,0.537150108046,198
2590,0.621302079317,198
2593,0.562221743501,198
2594,0.641905162738,198
2595,0.639650789848,198
2596,0.635965035686,198
2597,0.598700682034,198
2598,0.628094436428,198
2599,0.580754208754,198
26,0.625530669009,198
260,0.585107192452,198
2600,0.638084323827,198
2601,0.587017193481,198
2602,0.635016149273,198
2603,0.632323232323,198
2604,0.66502030105,198
2605,0.611829075064,198
2606,0.637731833384,198
2609,0.599779065881,198
261,0.629036744254,198
2610,0.621439413201,198
2612,0.634272550062,198
2613,0.61305960843,198
2615,0.609577556946,198
2616,0.610318875025,198
2617,0.582229704452,198
2618,0.596919609316,198
2619,0.635768866308,198
262,0.601547388781,198
2620,0.607924482924,198
2621,0.604427038749,198
2623,0.626681838144,198
2624,0.612145516195,198
2629,0.632974005286,198
263,0.499066573324,198
2632,0.549164925935,198
2633,0.597295651551,198
2634,0.588260524566,198
2635,0.626219773493,198
2637,0.615000580518,198
2638,0.657811033836,198
264,0.644577644578,198
2640,0.638659320478,198
2642,0.522816238263,198
2644,0.588554286374,198
2645,0.589657256324,198
2646,0.499809691114,198
2648,0.618003236788,198
2649,0.59823633157,198
265,0.635834374965,198
2650,0.416043385509,198
2651,0.560341709102,198
2652,0.629042720786,198
2653,0.600072150072,198
2654,0.575925925926,198
2655,0.543522344659,198
2658,0.5944939592,198
2659,0.603672978198,198
266,0.641982596528,198
2660,0.611607061607,198
2661,0.620062517761,198
2662,0.576976455113,198
2663,0.591159825202,198
2664,0.61574211167,198
2665,0.566089942328,198
2666,0.595083873111,198
2667,0.644269244912,198
2668,0.59381799858,198
2669,0.62144645478,198
267,0.592790651614,198
2670,0.599471041779,198
2671,0.659717851113,198
2672,0.609774998664,198
2673,0.568546158098,198
268,0.614768668068,198
2680,0.555680444404,198
2681,0.640352240352,198
2682,0.629577645017,198
2683,0.604518707322,198
2684,0.652119690764,198
2685,0.624971172916,198
2686,0.6373996374,198
2687,0.632230160685,198
2688,0.592227495842,198
2689,0.609369723983,198
269,0.632843362652,198
2692,0.643934940231,198
2693,0.614246491763,198
2694,0.618624617017,198
2695,0.574998349508,198
2696,0.561384011262,198
2697,0.642526941475,198
2698,0.556919405021,198
2699,0.548678706254,198
27,0.645356202287,198
270,0.605014993687,198
2709,0.558080808081,198
271,0.609284670605,198
2710,0.612016676999,198
2711,0.621075621076,198
2712,0.575991171685,198
2713,0.616596366596,198
2715,0.615992269838,198
272,0.599487335668,198
2720,0.62301172646,198
2725,0.59029236257,198
2726,0.58835546476,198
2727,0.58760622094,198
2728,0.629788450543,198
2729,0.608570737313,198
273,0.620457448044,198
2730,0.58677996178,198
2731,0.600855780022,198
2732,0.589260872195,198
2734,0.621962544838,198
2735,0.58150190343,198
2737,0.649973082222,198
2738,0.61446007696,198
2739,0.662580435737,198
274,0.621529763039,198
2740,0.638670657189,198
2741,0.619481955303,198
2742,0.638838954517,198
2743,0.609642941038,198
2744,0.598295089625,198
2745,0.651749737815,198
2746,0.619381313131,198
2747,0.55924549478,198
2748,0.606332831865,198
2749,0.625096164414,198
275,0.617683569704,198
2750,0.649356816023,198
2751,0.585905349794,198
2752,0.606985889429,198
2753,0.620006325486,198
2754,0.630998090062,198
2755,0.651855707199,198
2756,0.583256108485,198
2757,0.615683522028,198
2758,0.630818769708,198
2759,0.641470888662,198
276,0.646974013641,198
2760,0.606252024619,198
2761,0.646186272171,198
2762,0.63735863472,198
2763,0.583409856137,198
2764,0.640351155534,198
2765,0.637723944314,198
2766,0.572012964536,198
2767,0.63688654219,198
2768,0.620748164055,198
2769,0.608809512191,198
277,0.637663840789,198
2770,0.637056842939,198
2771,0.613823419379,198
2773,0.588713667285,198
2775,0.610574774292,198
2776,0.549242424242,198
2777,0.624867091972,198
2778,0.602987236708,198
2779,0.634985686528,198
278,0.648397381638,198
2780,0.625143843498,198
2781,0.619932198699,198
2782,0.619439230059,198
2783,0.596642936126,198
2784,0.607020913359,198
2785,0.603964170002,198
2788,0.627029885879,198
2789,0.61872165178,198
279,0.542989836493,198
2790,0.591816367265,198
2791,0.631795786612,198
2792,0.56330371993,198
2793,0.615732488282,198
2794,0.580660774411,198
2795,0.603058978059,198
2796,0.624130715252,198
2797,0.594562338078,198
2798,0.551380697354,198
2799,0.616563360882,198
28,0.619012090603,198
280,0.62491865433,198
2800,0.629725012161,198
2801,0.616251932776,198
2802,0.654586943686,198
2803,0.595902790688,198
2804,0.512677890011,198
2807,0.601262626263,198
2808,0.617010950344,198
2809,0.638052648691,198
281,0.611734121258,198
2811,0.550948882767,198
2812,0.630770449594,198
2813,0.625438785013,198
2814,0.618183054536,198
2815,0.643158861341,198
2816,0.639557729287,198
2817,0.618113286255,198
2818,0.623308557271,198
282,0.627643960977,198
2820,0.624613907672,198
2821,0.614043052245,198
2822,0.618128654971,198
2823,0.60829324996,198
2825,0.62327402465,198
2826,0.619625931765,198
2827,0.619542306534,198
2828,0.644897248346,198
2829,0.590756045301,198
283,0.606005227716,198
2832,0.597678317344,198
2835,0.590962031214,198
2836,0.613633603798,198
2837,0.589517104669,198
2838,0.635550730566,198
2839,0.62700450836,198
284,0.598475337176,198
2840,0.600009100009,198
2841,0.559430562939,198
2842,0.434268612046,198
2844,0.548245899859,198
2845,0.634987440543,198
2846,0.608757188403,198
2847,0.61318125433,198
2848,0.597569635751,198
2849,0.617774165667,198
285,0.625667671479,198
2850,0.622560225075,198
2851,0.523620983498,198
2853,0.647395189589,198
2854,0.639840617228,198
2855,0.609120303565,198
2856,0.550826896415,198
2857,0.600454082105,198
2859,0.590915565916,198
286,0.634088732149,198
2861,0.579868810052,198
2862,0.420300224467,198
2863,0.552059465797,198
2864,0.533774629928,198
2865,0.562678062678,198
2866,0.587768712769,198
2869,0.633274103956,198
287,0.62459886413,198
2870,0.656064082318,198
2871,0.647061016065,198
2872,0.552803483941,198
2873,0.666381956823,198
2874,0.652891913485,198
288,0.60478097473,198
2882,0.602414954139,198
2883,0.650618308914,198
2886,0.521109790718,198
2888,0.583269163987,198
2889,0.63352864868,198
289,0.624187352246,198
2890,0.564574623701,198
2892,0.648287103843,198
2893,0.616720616721,198
2894,0.657634108454,198
2895,0.662237669406,198
2896,0.643915553502,198
2897,0.599621212121,198
290,0.623269734381,198
2900,0.559795845098,198
2904,0.5445757364,198
2905,0.670136508372,198
291,0.543252069568,198
2929,0.631091435618,198
293,0.645275957776,198
2930,0.647484950515,198
2931,0.586109320152,198
2932,0.647427865149,198
2933,0.622028460708,198
2934,0.64077557181,198
2935,0.611447811448,198
2936,0.632875271507,198
2938,0.325864004025,198
2939,0.517998163453,198
294,0.564260789715,198
2942,0.615329540617,198
2944,0.660508308895,198
2945,0.648582959841,198
2946,0.574661342103,198
2947,0.623105643898,198
295,0.619957747409,198
296,0.632354113123,198
2965,0.613472689862,198
2966,0.618524792438,198
2969,0.656089773111,198
297,0.448394198394,198
2970,0.641347335792,198
2971,0.607918409686,198
2972,0.630989809798,198
2974,0.626917028171,198
2975,0.622848125983,198
2976,0.641083453583,198
2977,0.623960488418,198
2978,0.652454118651,198
2979,0.624876213112,198
298,0.579075640122,198
2980,0.521602890216,198
2982,0.612868410129,198
2983,0.603570426487,198
2984,0.584051470415,198
2985,0.586038343739,198
2986,0.537380978241,198
2989,0.617299758145,198
299,0.585941893158,198
2990,0.622488979977,198
2991,0.557423550574,198
2992,0.619655676259,198
2993,0.605911435025,198
2995,0.639648802843,198
2996,0.646601357738,198
2998,0.598723864156,198
2999,0.501780626781,198
3,0.590560998456,198
30,0.600450220863,198
300,0.618335005171,198
3000,0.671717171717,198
3002,0.644085199398,198
3003,0.653891859774,198
3004,0.584005737852,198
3005,0.617122920021,198
3006,0.63344672085,198
3007,0.595371523454,198
3008,0.625643879218,198
3009,0.570044581619,198
301,0.630000211761,198
3010,0.646389824168,198
3012,0.53483028483,198
3014,0.597041847042,198
3015,0.624396631172,198
3016,0.552176440666,198
3017,0.636367813787,198
3018,0.62607151088,198
3021,0.622185054003,198
3022,0.633411226695,198
3023,0.504436254436,198
3024,0.59420145627,198
3026,0.634019744675,198
3027,0.598655493034,198
3028,0.584401226192,198
303,0.62553640985,198
3030,0.606364811704,198
3031,0.649503021078,198
3034,0.61048469188,198
3040,0.622577313754,198
3042,0.56814029684,198
3044,0.603535353535,198
3046,0.522600637645,198
3047,0.515700678802,198
3048,0.560781247329,198
3049,0.544356609574,198
3050,0.482551968965,198
3051,0.557004220953,198
3052,0.63838039094,198
3054,0.591607128192,198
3055,0.616036491036,198
3056,0.627233674256,198
3060,0.677532904806,198
3061,0.631895881896,198
3063,0.578104993598,198
3064,0.634734600911,198
3066,0.618568606172,198
3067,0.598655090228,198
3068,0.570487483531,198
3069,0.59237012987,198
3070,0.593238319266,198
3071,0.592550328952,198
3072,0.606111967129,198
3073,0.623801173923,198
3074,0.632449236744,198
3075,0.63824078026,198
3076,0.587305562512,198
3077,0.651528201916,198
3078,0.605423936333,198
3079,0.608574926757,198
308,0.601371389002,198
3080,0.622910654161,198
3081,0.63975925449,198
3082,0.621053300299,198
3083,0.639635724205,198
3084,0.611398182207,198
3085,0.54012345679,198
3086,0.624654387007,198
3087,0.56551627385,198
3088,0.636488819822,198
3089,0.667464387464,198
3090,0.625537139349,198
3091,0.64375416186,198
3092,0.625452230037,198
3093,0.589236045758,198
3096,0.565705043454,198
3098,0.527126335822,198
31,0.637933131161,198
3100,0.584311249752,198
3101,0.604359383307,198
3103,0.500428816467,198
3104,0.624955852229,198
3105,0.669047376118,198
3107,0.623294179165,198
3108,0.619781777677,198
3109,0.618722435624,198
311,0.584639498433,198
3110,0.604016354016,198
3111,0.562209395543,198
3112,0.581674905079,198
3113,0.555175038052,198
3114,0.616780386648,198
3115,0.594845001742,198
3116,0.618369487222,198
3117,0.635960297419,198
3119,0.5869913123,198
312,0.610914702581,198
3121,0.544954666115,198
3122,0.615268237935,198
3123,0.653103442307,198
3124,0.570622895623,198
3125,0.602980755155,198
3126,0.619875679876,198
3127,0.619917119917,198
3128,0.628913485261,198
3129,0.629302657393,198
313,0.598119351409,198
3130,0.614493247078,198
3131,0.658158544844,198
3132,0.61484869661,198
3133,0.5653284586,198
3134,0.591999578301,198
3135,0.635062288115,198
3136,0.629343629344,198
3137,0.585107192452,198
3138,0.621157284024,198
3139,0.579703995693,198
314,0.617751009055,198
3140,0.638967613788,198
3141,0.63981697315,198
3142,0.494037062739,198
3143,0.610182975338,198
3144,0.605783714336,198
3145,0.59339632888,198
3146,0.635632871929,198
3148,0.618044927388,198
3149,0.61453650182,198
315,0.625353582577,198
3150,0.613130822314,198
3151,0.600683707827,198
316,0.621751220066,198
3168,0.599407162939,198
317,0.536721860923,198
3170,0.377558355086,198
3177,0.590937432688,198
3178,0.60875732635,198
318,0.616762216762,198
3181,0.492009502214,198
3182,0.597277450219,198
3183,0.615273951638,198
3184,0.603401066436,198
3185,0.565166096662,198
3186,0.596910581643,198
3187,0.594155844156,198
3188,0.598438934803,198
3189,0.618332081142,198
319,0.605621641438,198
3190,0.624114447644,198
3191,0.628568448013,198
3192,0.623465423465,198
3193,0.622664788149,198
3195,0.543378648642,198
3196,0.612701601652,198
3197,0.61483437417,198
3198,0.61471533517,198
3199,0.633823441516,198
32,0.598642906503,198
320,0.62604458237,198
3200,0.606081220367,198
3201,0.605472013367,198
3202,0.599001060327,198
3203,0.620154345818,198
3205,0.622398224671,198
3206,0.623136773137,198
3207,0.642457788214,198
3208,0.598822203881,198
3209,0.594132110579,198
321,0.581284824648,198
3210,0.626035892029,198
3211,0.592844150315,198
3212,0.606944869571,198
3213,0.639992694238,198
3215,0.59012847281,198
3216,0.650766338463,198
3217,0.616039549574,198
3218,0.549395804498,198
3219,0.600513872348,198
322,0.608398802843,198
3220,0.636716412578,198
3221,0.612290416859,198
3222,0.661730297324,198
3223,0.626074408683,198
3224,0.630937255151,198
3225,0.590163871127,198
3226,0.589203142536,198
3227,0.608874880805,198
3228,0.62453089927,198
323,0.580609242027,198
3230,0.622602367764,198
3231,0.619797003855,198
3232,0.619872525515,198
3233,0.614600699552,198
3234,0.627721661055,198
3235,0.630690846862,198
3236,0.629269849028,198
3238,0.613641901471,198
3239,0.626604296346,198
324,0.570063378887,198
3240,0.654318160615,198
3241,0.623454160474,198
3242,0.656388445862,198
3243,0.642693036811,198
3245,0.580373302596,198
3246,0.625679427065,198
3248,0.618767432299,198
3249,0.64447102605,198
3250,0.617688513037,198
3251,0.669090909091,198
3252,0.634416140843,198
3253,0.625721500722,198
3254,0.6196221474,198
3255,0.605504076578,198
3256,0.57563527008,198
3257,0.557167112723,198
3258,0.630842474928,198
3259,0.619910764083,198
3260,0.594322429185,198
3262,0.571854912764,198
3263,0.637097794993,198
3264,0.578637985615,198
3265,0.596997271566,198
3266,0.601430976431,198
3267,0.620030954708,198
3268,0.561975689094,198
3269,0.610323376366,198
327,0.59304197352,198
3272,0.619776193306,198
328,0.64756461556,198
3283,0.571579997506,198
3285,0.629061244817,198
3286,0.595753452896,198
329,0.632769915005,198
3296,0.522315833975,198
3297,0.638229686422,198
3298,0.607615705073,198
33,0.622167772333,198
330,0.652014280155,198
3301,0.623884256435,198
3302,0.646027652411,198
3303,0.577716559535,198
331,0.62714829454,198
332,0.55567523577,198
3321,0.63233572198,198
3322,0.627348067371,198
3324,0.57856145661,198
3325,0.630382528994,198
3326,0.640343024602,198
3327,0.599417706477,198
3328,0.61781131259,198
3329,0.603611876339,198
333,0.623938919714,198
3330,0.650496809588,198
3331,0.567888184167,198
3332,0.623552123552,198
3333,0.630371511727,198
3334,0.36642799301,198
3335,0.610142303539,198
3336,0.639157273215,198
3337,0.641705040602,198
3338,0.644931602661,198
3339,0.601410934744,198
3340,0.613695825064,198
3341,0.63129886435,198
3342,0.629538736346,198
3343,0.629469001946,198
3344,0.611481790381,198
3345,0.619711798468,198
3346,0.638316030677,198
3347,0.531741021324,198
3348,0.505449229133,198
3349,0.639693100242,198
335,0.468904733611,198
3350,0.510045357153,198
3351,0.587973537722,198
3352,0.640407910523,198
3353,0.592873176207,198
3354,0.670902826717,198
3355,0.640841521794,198
3356,0.610859679041,198
3357,0.614877794734,198
3358,0.600118835413,198
3360,0.619770894679,198
3361,0.596898692137,198
3365,0.621399176955,198
3367,0.620089786756,198
3368,0.652349386724,198
3369,0.651126040277,198
337,0.602315673744,198
3370,0.603211603212,198
3372,0.651847109594,198
3373,0.644716549992,198
3375,0.653149997081,198
3376,0.615617380704,198
3379,0.566410226294,198
338,0.581923293852,198
3380,0.490003440733,198
3382,0.547536949143,198
3383,0.615240641711,198
3384,0.612723478921,198
3385,0.640268600795,198
3387,0.382774664453,198
3388,0.634878441896,198
3389,0.610932415402,198
339,0.558249158249,198
3390,0.62205910032,198
3392,0.626201128484,198
3393,0.612472551603,198
3394,0.638275963519,198
3395,0.593395109285,198
3396,0.625515089735,198
3397,0.615959714725,198
3398,0.593183745856,198
3399,0.615153957959,198
34,0.572266886553,198
340,0.56439205206,198
3401,0.630654058314,198
3402,0.642219743447,198
3403,0.633252484316,198
3404,0.484899062152,198
3409,0.60145704836,198
341,0.505669906613,198
3411,0.646497656302,198
3413,0.641961011388,198
3414,0.53850129199,198
3415,0.552351876979,198
3416,0.626466126466,198
3417,0.596901356802,198
3418,0.625329685746,198
3419,0.610318462402,198
342,0.538623646537,198
3420,0.59903917221,198
3426,0.647436564962,198
3427,0.599393939394,198
3429,0.511700996035,198
343,0.628015090666,198
3430,0.61332552842,198
3431,0.527408352058,198
3434,0.670203261112,198
3435,0.612430893295,198
3436,0.627399276209,198
3437,0.579224787558,198
3439,0.603231265535,198
344,0.612864626097,198
3440,0.626879026485,198
3441,0.640131120307,198
3442,0.600566387388,198
3444,0.634459134459,198
3445,0.616424530782,198
3446,0.641341472277,198
3448,0.65801181211,198
3449,0.60500302167,198
345,0.612566197993,198
3450,0.597531329896,198
3453,0.54346157655,198
3454,0.561919368202,198
3455,0.655886273907,198
3456,0.595291760581,198
3457,0.663067456171,198
3458,0.503464128464,198
346,0.61098835578,198
3460,0.639124083977,198
3461,0.535919668663,198
3462,0.564678195568,198
3463,0.597606271044,198
3464,0.64136837632,198
3465,0.490677355888,198
3466,0.657971763085,198
3467,0.634292231066,198
3468,0.625443099866,198
3469,0.634006734007,198
347,0.63727793208,198
3470,0.617771566801,198
3471,0.574352835716,198
3472,0.605509283872,198
3474,0.646074074074,198
3479,0.660164680998,198
348,0.613290717155,198
3480,0.616674436674,198
3481,0.654523785712,198
3482,0.625071376533,198
3483,0.627840342383,198
3484,0.627801827802,198
3485,0.656221224071,198
3486,0.581855974713,198
3487,0.617737660291,198
3488,0.644019379313,198
3489,0.487820592759,198
349,0.612578162578,198
3490,0.618271838758,198
3491,0.63569023569,198
3492,0.646171090028,198
3493,0.604086317723,198
35,0.650631313131,198
350,0.623211279461,198
3500,0.495940588683,198
3501,0.556586749162,198
3503,0.624459876543,198
3504,0.632957868155,198
3505,0.612152405068,198
3506,0.613563619736,198
3507,0.594334146058,198
3508,0.608777165595,198
3509,0.609516640767,198
351,0.649366136109,198
3510,0.648192842883,198
3511,0.614683186921,198
3512,0.619054454972,198
3513,0.606870889581,198
3514,0.58768573103,198
3515,0.56906626653,198
3516,0.624078205367,198
352,0.638951140559,198
3520,0.607772166105,198
3521,0.603103443927,198
3522,0.607888738473,198
3523,0.606045619399,198
3524,0.565687741614,198
3525,0.646167963791,198
3526,0.604124821704,198
3527,0.590234611068,198
3528,0.631771186542,198
353,0.632267640056,198
3530,0.608504169686,198
3546,0.607344632768,198
355,0.657634032634,198
3556,0.621299062614,198
3557,0.623142536476,198
3558,0.632205757206,198
3559,0.64111952862,198
356,0.605376344086,198
3560,0.6275837393,198
3561,0.627719692047,198
3562,0.612917121133,198
3563,0.655164043536,198
3564,0.430844391629,198
3565,0.644636514052,198
3566,0.637584829295,198
3567,0.62316527468,198
3568,0.593757120073,198
357,0.658789257765,198
3571,0.604903198653,198
3572,0.65015978999,198
3573,0.649102710958,198
3574,0.599739057239,198
3575,0.607401088634,198
3576,0.673290640611,198
3577,0.580699077102,198
3578,0.638167388167,198
3579,0.630700464561,198
358,0.603436967073,198
3589,0.600625507953,198
3590,0.605663112608,198
3591,0.586167800454,198
3592,0.655898415045,198
3593,0.463338829192,198
3595,0.579131029323,198
3596,0.657118749445,198
3597,0.666480644381,198
3598,0.598131520971,198
3599,0.531187009448,198
36,0.633045079088,198
360,0.641548225619,198
3600,0.634829510129,198
3601,0.426300037411,198
3602,0.593547656048,198
3603,0.57560709516,198
3604,0.613033689957,198
3605,0.601354012392,198
3606,0.620077692635,198
3607,0.521458881048,198
3608,0.478552649786,198
361,0.587005318889,198
3619,0.651644651645,198
362,0.631306872943,198
3620,0.625444925445,198
3621,0.573812019567,198
3622,0.644141534823,198
3623,0.61837966035,198
3625,0.642969680974,198
3626,0.654968392162,198
3627,0.637118068653,198
3628,0.63494735717,198
3629,0.623129276154,198
363,0.638864235099,198
3630,0.64450288004,198
3631,0.622200730711,198
3632,0.621426621427,198
3633,0.670679350398,198
3634,0.577369439072,198
364,0.640977356613,198
3646,0.597328119909,198
3647,0.613312613313,198
3648,0.578263252682,198
3649,0.648558588641,198
365,0.601052856608,198
3650,0.635953740302,198
366,0.595431931253,198
3662,0.577005935057,198
3663,0.597987038847,198
3664,0.608641975309,198
3665,0.608476064998,198
3666,0.597143753923,198
3667,0.618479571838,198
3668,0.552564753682,198
3669,0.610867612114,198
367,0.633659199253,198
3670,0.628742553743,198
3672,0.621247788621,198
3673,0.63762049721,198
3675,0.604604604605,198
3676,0.614149855097,198
3677,0.641228850348,198
3678,0.612512667124,198
368,0.616140511512,198
3683,0.643302352014,198
3684,0.580388585307,198
3685,0.622059446563,198
3686,0.661400186071,198
3687,0.603055555556,198
3688,0.613617822869,198
3689,0.591341867691,198
369,0.624420635927,198
3690,0.579420050849,198
3691,0.592397948382,198
3692,0.586200547138,198
3693,0.594820256436,198
3694,0.600991702085,198
3695,0.617628171752,198
3696,0.610148148148,198
37,0.636309907587,198
370,0.637362323803,198
3708,0.583444222666,198
3709,0.557153351699,198
371,0.655808903366,198
3710,0.57096963519,198
3711,0.579359962339,198
3712,0.544609569514,198
372,0.658949675728,198
3720,0.605995269643,198
3721,0.459861358685,198
3722,0.545993265993,198
3723,0.628723482549,198
3724,0.594181249111,198
3725,0.635959219758,198
3726,0.648310917648,198
3727,0.617064958528,198
3728,0.621152301355,198
3729,0.611430395913,198
3730,0.523656705948,198
3731,0.575066336656,198
3733,0.617325189883,198
3734,0.613405536166,198
3735,0.624234200896,198
3736,0.635946074922,198
3738,0.558989364545,198
3739,0.583745253958,198
3740,0.621178674159,198
3745,0.601001794258,198
3746,0.636666288352,198
3747,0.461144781145,198
3763,0.630873045811,198
3765,0.589434022767,198
3766,0.609934751239,198
3767,0.610096148002,198
3768,0.627555059566,198
377,0.636268669602,198
3770,0.585511634692,198
3771,0.612130866611,198
3772,0.628295442416,198
3774,0.636145840691,198
3775,0.619499084411,198
3776,0.532357170288,198
3777,0.616549264576,198
3778,0.641917005553,198
3779,0.643871687893,198
378,0.636333454063,198
3780,0.637028176502,198
3781,0.644156264244,198
3783,0.628888651776,198
3784,0.524691358025,198
3785,0.644650902531,198
3786,0.572053872054,198
3787,0.634856254856,198
3788,0.629370629371,198
3789,0.588236866015,198
379,0.394521345139,198
3790,0.647944465228,198
3791,0.622884209325,198
3792,0.56830412386,198
3793,0.616133499223,198
3794,0.633742370176,198
3795,0.61820748592,198
3796,0.603416000804,198
3797,0.638589845827,198
3798,0.604606001536,198
3799,0.63621644496,198
38,0.551666883427,198
380,0.646449248583,198
3800,0.598870777571,198
3801,0.575044227587,198
3802,0.643065405831,198
3804,0.615708126778,198
3805,0.608528898003,198
3806,0.523862413904,198
3807,0.630701573559,198
3808,0.608523506672,198
3809,0.63362962963,198
381,0.638303565456,198
3810,0.57528556594,198
3813,0.643666243004,198
3814,0.635745692216,198
3815,0.607057090513,198
3816,0.50013000013,198
3817,0.594791451934,198
3818,0.612504353884,198
3819,0.676290684624,198
382,0.613556902357,198
3820,0.637815159469,198
3821,0.664099517041,198
3822,0.603153448061,198
3823,0.610739502044,198
3824,0.582373580037,198
3825,0.597531607465,198
3826,0.601365506921,198
3827,0.631010019088,198
3828,0.574151298922,198
3829,0.630478534161,198
3830,0.576804559137,198
3831,0.623099683706,198
3832,0.573705808081,198
3833,0.618277068935,198
3834,0.618120242634,198
3835,0.612105612106,198
3836,0.618573556074,198
3837,0.622619550272,198
3838,0.626787050398,198
3839,0.641011359703,198
3840,0.610196331658,198
3841,0.610898630316,198
3842,0.62752405345,198
3843,0.596503004731,198
3844,0.595342511713,198
3845,0.642133755859,198
3846,0.613156777863,198
3847,0.60076350358,198
3848,0.606946972671,198
3849,0.638118776417,198
385,0.647985882926,198
3850,0.614571369673,198
3851,0.631309797646,198
3852,0.615424764361,198
3853,0.618231417098,198
3854,0.631169018329,198
3855,0.661205551449,198
3856,0.565243287265,198
3857,0.597354930688,198
3858,0.630392156863,198
3859,0.606789285894,198
386,0.607118807119,198
3861,0.695186432223,198
387,0.662371462371,198
3874,0.579055972473,198
3875,0.482323232323,198
3877,0.578907353101,198
3878,0.456703182055,198
388,0.592074592075,198
3880,0.624872889974,198
3881,0.564691255058,198
3884,0.642521708311,198
3888,0.604314752463,198
3889,0.612698018436,198
389,0.620148687897,198
3890,0.605457560681,198
3892,0.624260624261,198
3893,0.639407435821,198
3894,0.647989907781,198
3895,0.563504899179,198
3898,0.640047461081,198
3899,0.560469823476,198
390,0.522923391996,198
3900,0.63785938693,198
3901,0.627540713255,198
3902,0.527320827321,198
3903,0.594346978558,198
3904,0.614478114478,198
3905,0.640808080808,198
3906,0.467065016361,198
3907,0.632339947943,198
3909,0.596319851464,198
391,0.496131528046,198
3910,0.597427264094,198
3911,0.616025641026,198
3913,0.653865451905,198
3917,0.653609890251,198
3919,0.580215737623,198
392,0.569799300191,198
3920,0.619528619529,198
3923,0.62710158059,198
3926,0.667938247725,198
3928,0.610745132484,198
3929,0.602477769144,198
393,0.578514614746,198
3930,0.646794953757,198
3931,0.539587797164,198
3932,0.510070289267,198
3933,0.628075008458,198
3935,0.619996258885,198
3936,0.62851726262,198
3937,0.478749761769,198
3938,0.634199134199,198
3939,0.641088464005,198
394,0.528144884973,198
3940,0.642255892256,198
3942,0.587769730851,198
3943,0.596822390572,198
3944,0.55625956535,198
3945,0.610046245588,198
3946,0.634068962452,198
3947,0.639071437264,198
3948,0.579124579125,198
395,0.621498550318,198
3950,0.62747512055,198
3951,0.588203017833,198
3952,0.555233709645,198
3953,0.499740999741,198
3954,0.624875188668,198
3955,0.626498316498,198
3956,0.629768210561,198
3957,0.640584954018,198
3959,0.620765315078,198
396,0.615654052967,198
3960,0.631776343315,198
3961,0.63258292577,198
3962,0.634102550326,198
3963,0.650353827773,198
3964,0.656749789562,198
3965,0.581403258171,198
3967,0.463165244173,198
3969,0.627027362982,198
397,0.616161616162,198
3970,0.628849198386,198
3971,0.633177654683,198
3972,0.596806553508,198
398,0.642343941507,198
3980,0.53606922689,198
3981,0.565780352545,198
399,0.563803502652,198
3993,0.608841843088,198
3994,0.605962219599,198
3995,0.603029202702,198
3997,0.633066941652,198
3998,0.601135161135,198
3999,0.603160456102,198
4,0.642193173566,198
4002,0.635329281516,198
4003,0.57967789786,198
4005,0.379218775052,198
4006,0.651155752279,198
4007,0.62428729115,198
4008,0.635320597277,198
4009,0.628861383791,198
401,0.578267995669,198
4010,0.559993878176,198
4011,0.596496640614,198
4012,0.565513491859,198
4015,0.635659877463,198
4016,0.630493467228,198
4017,0.662260841934,198
4018,0.665024226,198
4019,0.669033695349,198
402,0.540007922361,198
4020,0.571107904441,198
4021,0.651179073545,198
4022,0.605316449519,198
4023,0.636846816605,198
4024,0.59686023472,198
4029,0.549096630796,198
403,0.625946969697,198
4030,0.627911054994,198
4031,0.505354470632,198
4033,0.598163569538,198
4035,0.617114887532,198
4037,0.655808465169,198
404,0.594503083267,198
4045,0.581417480591,198
4046,0.551730802486,198
4048,0.5440698471,198
4049,0.593177053554,198
405,0.619455836561,198
4050,0.635590277778,198
4051,0.588630939466,198
4052,0.586308250803,198
4053,0.569047114502,198
4054,0.612026978379,198
4055,0.608770538332,198
4056,0.571574757849,198
4057,0.645663685311,198
406,0.635069953136,198
4060,0.541042230585,198
4062,0.581150182754,198
4063,0.595558929588,198
4064,0.614101802337,198
4066,0.624297235925,198
4067,0.616931510224,198
4068,0.619554370988,198
4069,0.465109813734,198
407,0.624343796387,198
4072,0.595573111137,198
4073,0.606060606061,198
4074,0.629319636402,198
4075,0.583176657082,198
4076,0.609342488556,198
4077,0.650997150997,198
4078,0.628915049778,198
4079,0.619939393939,198
408,0.549368686869,198
4080,0.584201806424,198
4081,0.577716559535,198
4082,0.627897519799,198
4083,0.600720685466,198
4084,0.439340324691,198
4085,0.603778526001,198
4086,0.626180726181,198
4087,0.630682834789,198
4088,0.611491016358,198
4089,0.624364103077,198
409,0.638677984576,198
4090,0.633116250222,198
4091,0.542704270427,198
4092,0.586484552997,198
4093,0.550661303655,198
4094,0.588548593887,198
4095,0.623906539161,198
4097,0.604034697255,198
4098,0.606836037139,198
4099,0.599534373269,198
410,0.620083734105,198
4100,0.630446803804,198
4101,0.57839034163,198
4102,0.635853973525,198
4104,0.630494690495,198
4105,0.591164983165,198
4106,0.616435597808,198
4107,0.644936093941,198
4109,0.600805152979,198
4110,0.624505528877,198
4111,0.619284447529,198
4113,0.594811361478,198
4114,0.575786109684,198
4115,0.575309370764,198
412,0.617314559739,198
413,0.650194393288,198
414,0.609215275882,198
4146,0.595781834912,198
4147,0.638910631531,198
4148,0.622315592904,198
4149,0.56072216417,198
4153,0.485293183406,198
4155,0.56013842125,198
4156,0.596231372016,198
4157,0.621693121693,198
4158,0.614089235434,198
4159,0.641772825622,198
416,0.591481918755,198
4160,0.600695712141,198
4161,0.631461485868,198
4162,0.602990691226,198
4164,0.64476520253,198
4165,0.601873810569,198
4166,0.607239738819,198
417,0.621821283005,198
4171,0.635659530314,198
4172,0.631206804891,198
4174,0.632638329039,198
4175,0.524193368564,198
4176,0.484985913557,198
4177,0.59081169825,198
4178,0.573060146924,198
4179,0.561972863953,198
418,0.625070145903,198
4180,0.585122833271,198
4185,0.599787231709,198
4186,0.575191114499,198
4187,0.572238419177,198
4188,0.565145122107,198
419,0.626816409711,198
4190,0.653967868397,198
4191,0.618978040362,198
4192,0.632957632958,198
4193,0.619460827515,198
4196,0.635113995368,198
4199,0.617908817909,198
420,0.608145335418,198
4200,0.649914785717,198
4202,0.647344314011,198
4203,0.553784371493,198
4204,0.611436950147,198
4205,0.600512192633,198
4206,0.647479064146,198
4207,0.620935545936,198
4208,0.615210630478,198
4209,0.594726333098,198
421,0.516835016835,198
4210,0.530355639731,198
4211,0.548499176159,198
4212,0.659970430804,198
4213,0.646489133762,198
4214,0.6315246265,198
4215,0.629933481153,198
4216,0.633899975363,198
4217,0.625994664057,198
4218,0.49133215676,198
422,0.651223564622,198
4221,0.629542709706,198
4222,0.634588426417,198
4224,0.547899631233,198
4225,0.593911335578,198
4226,0.649537037037,198
4227,0.6094003094,198
4228,0.587948933782,198
4229,0.620269360269,198
423,0.600114478114,198
4230,0.56063011063,198
4231,0.621443795756,198
4232,0.607196056278,198
4234,0.661385738201,198
4235,0.643698394736,198
4236,0.642994337313,198
4237,0.553121577218,198
4238,0.637336326225,198
4239,0.642595217205,198
424,0.553992303992,198
4240,0.641370342996,198
4241,0.640652557319,198
4242,0.630664938152,198
4243,0.634909804446,198
4244,0.632247128822,198
4245,0.626984126984,198
4246,0.613303259794,198
4249,0.622503992595,198
4250,0.635846093443,198
4251,0.612080399959,198
4252,0.602524638109,198
4253,0.394969948708,198
4254,0.609773534431,198
4255,0.643924880994,198
4256,0.643403734313,198
4257,0.613890174005,198
4259,0.636321810235,198
426,0.609296272417,198
4260,0.585168760779,198
4261,0.636752435829,198
4262,0.608673648551,198
4263,0.610791826309,198
4264,0.625860049773,198
4265,0.611585026479,198
4266,0.573859615261,198
4267,0.672099451575,198
4268,0.578160391797,198
4269,0.400673400673,198
427,0.587291566458,198
4270,0.615451862238,198
4271,0.603852735,198
4272,0.584110021308,198
4273,0.638788244767,198
4274,0.653898421971,198
4276,0.596843925638,198
4279,0.651222368614,198
428,0.613294930564,198
4280,0.6148205216,198
4281,0.638391002221,198
4282,0.660967050271,198
4283,0.609145283058,198
429,0.556487415495,198
4291,0.646327472253,198
4292,0.512401795735,198
4293,0.592508644395,198
4294,0.62171316338,198
4295,0.61852886085,198
4296,0.58785256941,198
430,0.612097192197,198
4300,0.614148016109,198
4301,0.597881972882,198
4302,0.654243129374,198
4303,0.612083619365,198
4304,0.615462315462,198
4305,0.622701711707,198
4306,0.613880496811,198
4307,0.60605104071,198
4308,0.666874054555,198
4309,0.588850286303,198
431,0.62211328976,198
4310,0.619742136815,198
4311,0.598679956296,198
4312,0.643029463902,198
4313,0.607384186695,198
4314,0.633525915723,198
4315,0.628436468242,198
4316,0.604946524064,198
4318,0.610419375271,198
4319,0.615236332794,198
4321,0.630534738062,198
4322,0.589924401245,198
4323,0.580422817923,198
4324,0.606049075227,198
4325,0.568169191919,198
4327,0.596156881313,198
4328,0.624941332517,198
4329,0.625735728789,198
434,0.641241685144,198
4341,0.632888672969,198
4343,0.610420121614,198
4344,0.615028693645,198
4345,0.594373219373,198
4346,0.636752390177,198
4347,0.646395325807,198
4348,0.613822791675,198
4349,0.616212631364,198
435,0.637401876595,198
4350,0.633841633842,198
4351,0.628277648278,198
4352,0.6369231531,198
4354,0.577505827506,198
4359,0.600847181492,198
436,0.586088629567,198
4361,0.629812409812,198
4362,0.619470899471,198
4363,0.635771449842,198
4364,0.493660436897,198
4366,0.651742372601,198
4367,0.605066731573,198
4368,0.529388083736,198
4369,0.566692566693,198
437,0.51498996701,198
4370,0.619131870724,198
4373,0.623964362728,198
438,0.609955942403,198
4384,0.620203503463,198
4385,0.632162661738,198
439,0.626028908025,198
4391,0.607966719537,198
4392,0.597517228358,198
4393,0.606895806312,198
4394,0.594369622147,198
4396,0.600564468212,198
4397,0.635727748499,198
4398,0.615787037037,198
4399,0.426383576869,198
440,0.627219986471,198
4400,0.655894493104,198
4401,0.656569230879,198
4402,0.638424745901,198
4403,0.65028452163,198
4404,0.598117045331,198
4405,0.609082431025,198
4406,0.653198653199,198
4407,0.617073355276,198
4410,0.643969102793,198
4411,0.635037590517,198
4412,0.600322848741,198
4413,0.614836235115,198
4414,0.654309627994,198
4415,0.636073136073,198
442,0.425,198
4426,0.574941680744,198
4427,0.525974025974,198
443,0.615512499008,198
4431,0.502063238905,198
4432,0.649445525592,198
4433,0.63153998615,198
4434,0.652089072544,198
4435,0.637798272581,198
4436,0.625161698731,198
4437,0.631634587343,198
4439,0.63371655148,198
444,0.628181035158,198
4443,0.597389419307,198
4444,0.618404401961,198
4445,0.611351611352,198
4446,0.594246297786,198
4447,0.590252810592,198
4448,0.591289948667,198
445,0.62043833783,198
4450,0.626241316115,198
446,0.59322959323,198
4461,0.641368287283,198
4462,0.580702495337,198
4463,0.60553392397,198
4464,0.646361666308,198
4465,0.610262516767,198
4466,0.599591081717,198
4468,0.584088898082,198
4469,0.589810675057,198
447,0.668453049009,198
4470,0.603814115178,198
4471,0.617662867204,198
4472,0.623955802753,198
4473,0.594542648709,198
4474,0.623532387781,198
4475,0.634658931888,198
4476,0.617546775775,198
4477,0.654792323765,198
4478,0.617053537583,198
4479,0.583926045465,198
448,0.607947552056,198
4480,0.627525252525,198
4482,0.600903951015,198
4483,0.599880838564,198
4484,0.640073480499,198
4485,0.596014343982,198
4486,0.616177096637,198
4487,0.610429049336,198
4488,0.583041526375,198
4489,0.528336322729,198
449,0.637134109916,198
4490,0.61360500902,198
4491,0.613788749565,198
4492,0.641410449524,198
4493,0.627308914692,198
4495,0.627705135885,198
4496,0.602059813825,198
4497,0.58430749442,198
4498,0.622583863325,198
450,0.63240874352,198
4501,0.593079922027,198
4502,0.641955266955,198
4503,0.624914995605,198
4504,0.600143737571,198
4505,0.632603087149,198
4506,0.642214152545,198
451,0.629684526424,198
4518,0.33154328091,198
4519,0.622366522367,198
452,0.624760779016,198
4520,0.628240540005,198
4521,0.669201822143,198
4522,0.647571762826,198
4523,0.605804072471,198
4524,0.594531816051,198
4525,0.614556277056,198
4526,0.622890893958,198
4527,0.619634468437,198
4528,0.555340991616,198
4529,0.6208269132,198
453,0.628076012349,198
4530,0.588969543342,198
4531,0.602416785303,198
4532,0.603855584834,198
4533,0.586025821125,198
4534,0.629505168416,198
4535,0.572931146326,198
4536,0.609686041704,198
4537,0.623434926465,198
4539,0.639923039923,198
454,0.57999037999,198
4540,0.633183688739,198
4543,0.621358512663,198
4544,0.611020654304,198
4545,0.617902293374,198
4546,0.622269953688,198
4547,0.641743468751,198
4548,0.632513768173,198
4549,0.641048310062,198
455,0.570679012346,198
4550,0.623225611598,198
4551,0.588981135556,198
4552,0.562720579287,198
4553,0.578342597573,198
4554,0.621818521063,198
4555,0.542794737962,198
4556,0.59157750958,198
4559,0.599426046683,198
4560,0.562232973998,198
4561,0.570541371722,198
4562,0.60417688209,198
4563,0.551040710132,198
4564,0.576430976431,198
4566,0.539738469971,198
4567,0.638939937004,198
4568,0.652685244884,198
457,0.640228989731,198
4572,0.610257646043,198
4573,0.556535676399,198
4577,0.589163237311,198
4579,0.600698653199,198
458,0.628502372654,198
4580,0.585416515273,198
4581,0.643083003953,198
4582,0.612794612795,198
4583,0.575836903062,198
4584,0.57308987309,198
4585,0.640495867769,198
4586,0.573491928632,198
4587,0.590973565442,198
4588,0.630561011348,198
4589,0.633116615299,198
459,0.63320433775,198
4590,0.612446933099,198
4591,0.591485991798,198
4592,0.635721556652,198
4593,0.61152791617,198
4594,0.610755441741,198
4595,0.60788561948,198
4596,0.620070128032,198
4597,0.624262525755,198
460,0.57278849097,198
4605,0.616385630499,198
4606,0.602016670198,198
4607,0.631723215057,198
4608,0.623916763261,198
4609,0.603829727648,198
461,0.644190169594,198
4610,0.62400736929,198
4611,0.602614441172,198
4612,0.608161955284,198
4613,0.599953509995,198
4614,0.604291105065,198
4615,0.587971917759,198
4616,0.615279353247,198
4617,0.619531552458,198
4618,0.638409674301,198
4619,0.620633948917,198
462,0.621369949495,198
4620,0.584506550828,198
4621,0.616532557211,198
4622,0.55276858218,198
4623,0.603560861137,198
4624,0.585644807867,198
4625,0.596864281444,198
4626,0.610304751278,198
4627,0.594326279963,198
4628,0.544823900379,198
4629,0.629455474283,198
463,0.622807532691,198
4630,0.63732140565,198
4631,0.618681946167,198
4632,0.62011752506,198
4633,0.597606990368,198
4634,0.634960718294,198
4636,0.601061989761,198
4638,0.585516483912,198
4639,0.653249927362,198
464,0.588088088088,198
4640,0.615814226925,198
4641,0.597467968273,198
4642,0.576221718745,198
4643,0.65805689204,198
4644,0.627970526521,198
4645,0.593797167073,198
4646,0.647018799102,198
4648,0.544992044992,198
4649,0.631402029092,198
465,0.663700230256,198
4650,0.616585138598,198
4651,0.613060714674,198
4652,0.626770638273,198
4653,0.562218428416,198
4654,0.564780031722,198
4655,0.592770295548,198
4656,0.674398008521,198
4657,0.61605566151,198
4658,0.643267332923,198
4659,0.620536943756,198
466,0.633586621502,198
4660,0.605030699148,198
4661,0.583963544697,198
4662,0.621577217963,198
4663,0.49903594348,198
4664,0.540339290339,198
4665,0.627140349363,198
4666,0.647610362888,198
4667,0.62897985705,198
4668,0.626148549146,198
4669,0.64011325375,198
467,0.554486665598,198
4670,0.534085371256,198
4671,0.60779841425,198
4672,0.670297681499,198
4673,0.573761210929,198
4674,0.594688014901,198
4675,0.53850627487,198
4676,0.656276697321,198
4677,0.643169281467,198
4678,0.612408762477,198
468,0.642561306278,198
4680,0.592720685112,198
4681,0.605404750566,198
4682,0.606238440745,198
4683,0.606862273529,198
4684,0.650165933659,198
4685,0.625938095818,198
4688,0.584146630626,198
4689,0.49344766611,198
469,0.664356838527,198
4690,0.63322083766,198
4691,0.619669892397,198
4692,0.569070332959,198
4693,0.647158562929,198
470,0.634939511393,198
471,0.630961831504,198
4715,0.355235860286,198
4716,0.616716062824,198
4717,0.616999785085,198
4718,0.618063349545,198
4719,0.631593714927,198
472,0.643765999571,198
4720,0.605047691399,198
4721,0.610057820791,198
4722,0.611872215166,198
4723,0.647114087189,198
4724,0.59788833214,198
4725,0.615933449267,198
4726,0.634438378564,198
4727,0.623714063714,198
4728,0.598570243498,198
4729,0.595016673142,198
473,0.603265066568,198
4730,0.502296662041,198
4731,0.566396828808,198
4735,0.651735651736,198
4736,0.629526029526,198
4737,0.606420188944,198
4738,0.620898724717,198
474,0.653614416772,198
4740,0.59215672161,198
4742,0.579181711535,198
4743,0.601522180051,198
4744,0.576572173346,198
4745,0.536621699451,198
4746,0.595117845118,198
4747,0.60182436611,198
4748,0.609179821301,198
4749,0.633490328505,198
475,0.643221835845,198
4750,0.599651886093,198
4751,0.602707991597,198
4752,0.614957159673,198
4753,0.626033909998,198
4754,0.610952902519,198
4755,0.574389324389,198
4756,0.582888059337,198
4757,0.640506555311,198
4758,0.657912457912,198
476,0.593404911587,198
4760,0.642834969076,198
4761,0.648747360612,198
4762,0.608400388061,198
4769,0.607005214237,198
477,0.625436560219,198
4770,0.636587821261,198
4771,0.629753608436,198
4772,0.640389017029,198
4773,0.577639136463,198
4774,0.6350882563,198
4775,0.499502601775,198
4776,0.626498530957,198
4777,0.638041488713,198
4778,0.542666929031,198
4779,0.612207771249,198
4780,0.622427983539,198
4781,0.594111850209,198
4782,0.573093393482,198
4783,0.638455754961,198
4784,0.605726808313,198
4785,0.582964144368,198
4786,0.670247157566,198
4787,0.583721445997,198
4788,0.644103873989,198
4789,0.634501671604,198
4790,0.646400425692,198
4791,0.649793532812,198
4792,0.633680555556,198
4793,0.617773261066,198
4794,0.653562872313,198
4795,0.609161793372,198
4796,0.541099122539,198
4797,0.5781561932,198
4798,0.615059912854,198
4799,0.618350434306,198
480,0.603176009609,198
4800,0.580216580217,198
4801,0.653764104146,198
4802,0.601951487666,198
4803,0.639869876712,198
4804,0.633747031034,198
4805,0.677691952202,198
4806,0.635369195834,198
4807,0.614904677405,198
4808,0.619586104952,198
4809,0.599922299922,198
481,0.65807027088,198
4810,0.613901332162,198
4811,0.661490318467,198
4812,0.602037692947,198
4814,0.616103946802,198
4815,0.626282848505,198
4816,0.628291847042,198
4817,0.595971022442,198
4818,0.618072618073,198
4819,0.624113946482,198
482,0.615066655717,198
4820,0.618325464793,198
4821,0.618451178451,198
4822,0.56014009139,198
4823,0.64632333063,198
4824,0.621441689624,198
4825,0.663481796523,198
4826,0.619520326417,198
4828,0.578885873662,198
4829,0.610539687563,198
483,0.348809938465,198
4830,0.636463844797,198
4831,0.617526894966,198
4832,0.59968618221,198
4833,0.556074308981,198
4834,0.642069092754,198
4836,0.592207057856,198
4837,0.656774186986,198
4838,0.608345752608,198
4839,0.651140572391,198
484,0.628279351171,198
4840,0.641395225665,198
4841,0.636777128005,198
4842,0.612235803412,198
4843,0.611841453753,198
4844,0.627148277942,198
4845,0.631047315258,198
4846,0.60496267018,198
4847,0.545725853577,198
4848,0.59541560732,198
4849,0.642685185185,198
485,0.642985720548,198
4852,0.5412115118,198
4853,0.595332929718,198
4854,0.594147652731,198
4855,0.604372697305,198
4856,0.556210756211,198
4857,0.544361184307,198
4858,0.556743909685,198
486,0.633645321719,198
4866,0.634219020524,198
4867,0.658454058125,198
4868,0.472502805836,198
4869,0.643929292929,198
487,0.637915098699,198
4870,0.6354671375,198
4871,0.627133783247,198
4873,0.594241501776,198
4874,0.585340585341,198
4875,0.638010653491,198
4876,0.571445822501,198
4877,0.579318363491,198
4878,0.617062517063,198
4879,0.642624902221,198
488,0.589477146948,198
4881,0.608555187503,198
4883,0.623014870932,198
4884,0.637635827977,198
489,0.506995239754,198
4892,0.46603016466,198
4894,0.555769230769,198
4895,0.66238524332,198
4896,0.659593446907,198
4897,0.624441950368,198
4898,0.630153299508,198
4899,0.61048469188,198
490,0.554466230937,198
4900,0.645207707708,198
4901,0.577992350033,198
4902,0.625084791751,198
4903,0.625697838601,198
4904,0.578639334522,198
4908,0.523104863367,198
4909,0.583972326673,198
491,0.658392000816,198
4910,0.639480519481,198
4911,0.635927823819,198
4912,0.581056003896,198
4913,0.635009709084,198
4914,0.616979912646,198
4915,0.628132493446,198
4916,0.659993404839,198
4917,0.540731899594,198
4918,0.654919323101,198
4919,0.608508508509,198
492,0.642230100447,198
4920,0.563135720204,198
4922,0.626995058813,198
493,0.550986050986,198
494,0.588764355888,198
4941,0.636499090522,198
4942,0.615239350022,198
4943,0.612285195859,198
4944,0.628357919725,198
4945,0.627228986746,198
4946,0.414667508418,198
4947,0.561297661298,198
4948,0.607940097492,198
4949,0.588836724048,198
495,0.607775283701,198
4950,0.572735148759,198
4951,0.587980542526,198
4952,0.605779184884,198
4954,0.621754168603,198
4956,0.606126625734,198
4957,0.61743609807,198
4958,0.620134365461,198
496,0.64974712255,198
4960,0.644571501175,198
4962,0.614230994965,198
4963,0.608040957075,198
4964,0.58577936225,198
4965,0.618637353931,198
4966,0.596837944664,198
4967,0.491021324355,198
4969,0.621931204846,198
497,0.597741484105,198
4970,0.579069767442,198
4971,0.640222849969,198
4972,0.657959310082,198
4973,0.582477726511,198
4974,0.556129652904,198
4975,0.575057140751,198
4976,0.600342152974,198
4979,0.581473651241,198
498,0.62732099347,198
4981,0.559355692851,198
4982,0.595117845118,198
4983,0.479759129759,198
4984,0.641915790906,198
4985,0.578909394699,198
4988,0.633366493215,198
499,0.630833558133,198
4991,0.595360291153,198
4992,0.610365493374,198
4993,0.621544906429,198
4994,0.607004224839,198
4995,0.617548029313,198
4996,0.601451232467,198
4998,0.63871851447,198
4999,0.614604255815,198
5,0.615328916404,198
500,0.621180476444,198
5000,0.613663962025,198
5001,0.577992312506,198
5008,0.57824623042,198
5009,0.497624506827,198
501,0.630815492451,198
5012,0.617285726463,198
5013,0.622805702924,198
5014,0.613991916546,198
5015,0.630177746457,198
5016,0.604500381388,198
5017,0.654850914645,198
5018,0.649713509363,198
5019,0.605665788593,198
5020,0.643358876117,198
5021,0.612313612314,198
5022,0.604429205009,198
5023,0.616024374177,198
5024,0.587846231612,198
5025,0.625647360899,198
5026,0.581807081807,198
5027,0.614214433492,198
5029,0.587841556592,198
5030,0.588483707128,198
5031,0.564258403241,198
5033,0.5376506498,198
5036,0.601821789322,198
5038,0.564742664743,198
504,0.525938022944,198
5040,0.527497194164,198
5041,0.637320446673,198
5042,0.644799850355,198
5048,0.593935385602,198
5049,0.600395489284,198
5055,0.543237835053,198
5056,0.541126111031,198
5057,0.629062103566,198
5058,0.582129309977,198
5059,0.623737373737,198
506,0.636046848412,198
5065,0.647507596288,198
507,0.604706152433,198
5071,0.657575757576,198
5072,0.630096299785,198
5073,0.569953925217,198
5075,0.636262992241,198
5076,0.661765683147,198
5077,0.638441149079,198
5078,0.618500640625,198
5079,0.61833244728,198
508,0.645394921437,198
5080,0.654583154583,198
5081,0.637659217078,198
5084,0.61123249211,198
5085,0.610113819353,198
5086,0.645321284666,198
5088,0.595728275118,198
509,0.597898819418,198
5090,0.502028261337,198
5091,0.632862440833,198
5094,0.638910847606,198
5095,0.641117969822,198
5096,0.549404722607,198
5097,0.63079952063,198
5098,0.64859800948,198
5099,0.644792393122,198
510,0.550761117104,198
5100,0.660176057766,198
5101,0.579162410623,198
5102,0.632737632738,198
5103,0.628152595134,198
5106,0.60162228344,198
5107,0.636000725821,198
5108,0.563149222724,198
511,0.56228956229,198
5125,0.58211143695,198
5126,0.62470528864,198
5127,0.613582266539,198
5128,0.589410231346,198
513,0.623740080332,198
5131,0.374486360201,198
5132,0.55754985755,198
5133,0.618807118807,198
5134,0.551370851371,198
5135,0.624278860752,198
5136,0.591442374051,198
5137,0.589485076327,198
5138,0.592125232424,198
5139,0.627271593602,198
514,0.612109466761,198
5140,0.63814645968,198
5141,0.632694873261,198
5142,0.609474373363,198
5143,0.601298267965,198
5144,0.62834696168,198
5145,0.649073834259,198
5146,0.579181009349,198
5147,0.625557711765,198
5148,0.642033075857,198
515,0.609011493503,198
5154,0.525697896068,198
516,0.588540635109,198
5163,0.638138490852,198
5164,0.63413375934,198
5165,0.627602027602,198
5166,0.553044815976,198
5169,0.615270071608,198
517,0.660349527016,198
5170,0.60543080687,198
5171,0.608511146973,198
5179,0.637049300957,198
518,0.599096225412,198
5180,0.620643666098,198
5181,0.649551066218,198
5182,0.605723905724,198
5183,0.636322741586,198
5184,0.636390358613,198
5185,0.597782528764,198
5186,0.627776119155,198
5187,0.649094927576,198
5188,0.609442248573,198
5189,0.60127826942,198
5190,0.648262385762,198
5191,0.623382288265,198
5192,0.613685878392,198
5198,0.567903497339,198
520,0.610081531569,198
5200,0.66048567066,198
5201,0.60998685485,198
5204,0.588412864275,198
5207,0.592547092547,198
5209,0.395001416029,198
5214,0.610600540928,198
5215,0.583608672394,198
5218,0.618047761566,198
5220,0.648454239363,198
5223,0.596212121212,198
5226,0.593782132704,198
5228,0.547460419801,198
5229,0.671628953288,198
5230,0.637372899811,198
5231,0.645221730621,198
5232,0.590868029892,198
5233,0.605104208151,198
5234,0.636579700751,198
5235,0.640870442427,198
5236,0.613827160494,198
5237,0.639973198461,198
524,0.59105527733,198
5240,0.618441558442,198
5241,0.652613857877,198
5242,0.6029137882,198
5243,0.630437710438,198
5244,0.639191587467,198
5245,0.62241698026,198
5246,0.599207161707,198
5247,0.610969342548,198
5248,0.631146264406,198
5249,0.65947352311,198
5250,0.634365540931,198
5251,0.612675426835,198
5252,0.63573364674,198
5253,0.615303114059,198
5254,0.600436179982,198
5255,0.624392068837,198
5256,0.634810947311,198
5257,0.601943679216,198
5258,0.631051952547,198
5259,0.630391213725,198
526,0.663266436293,198
5260,0.626176462791,198
5261,0.604096520763,198
5262,0.569859889215,198
5263,0.560455125972,198
5265,0.56188006188,198
5269,0.622729089456,198
5270,0.620248216554,198
5271,0.580704335606,198
5279,0.60758698092,198
528,0.633219353064,198
5280,0.628837130167,198
5281,0.640487320009,198
5283,0.619528619529,198
5284,0.624061124061,198
5286,0.628844863855,198
5287,0.625854962178,198
5288,0.591579861111,198
5289,0.608681512091,198
529,0.607389389998,198
5290,0.575734927753,198
5291,0.576441989993,198
5292,0.596288976724,198
5299,0.663602902733,198
530,0.589141984176,198
5300,0.6623229753,198
5301,0.467738280238,198
5303,0.648727417545,198
5304,0.639580261585,198
5305,0.655279246188,198
5306,0.584345965925,198
5307,0.608492330715,198
5308,0.620449474666,198
5309,0.647618745103,198
531,0.609423083885,198
5310,0.607770829993,198
5311,0.61550250937,198
5312,0.627775277528,198
5313,0.608564458141,198
5314,0.618275935205,198
5315,0.512914862915,198
5316,0.581654872074,198
5317,0.592592592593,198
5318,0.582405524898,198
5319,0.612357586398,198
532,0.62237673539,198
5320,0.586260838473,198
5321,0.586326542259,198
5323,0.616917679792,198
5324,0.603789147759,198
5326,0.590520074584,198
5327,0.603144850568,198
5328,0.640560191285,198
533,0.63417689997,198
5331,0.610862411999,198
5332,0.549201251647,198
5333,0.643149515699,198
5334,0.583290635827,198
5335,0.55388362433,198
5336,0.615762563911,198
5337,0.612356304664,198
5338,0.544225414468,198
5339,0.595710188303,198
534,0.635073042691,198
5340,0.614900627547,198
5341,0.620301499847,198
5342,0.62382996633,198
5344,0.550599452469,198
5348,0.585062900983,198
5349,0.62088664422,198
535,0.637197161627,198
5357,0.564079952969,198
5358,0.614923942987,198
5359,0.576128516806,198
536,0.631142249563,198
537,0.548179160021,198
5373,0.616033582862,198
5374,0.592300119842,198
5375,0.657428990762,198
5376,0.61424704562,198
5377,0.63983729994,198
5378,0.581816165649,198
5379,0.624308561809,198
538,0.565888586722,198
5380,0.60636014178,198
5381,0.611588861589,198
5383,0.59568004771,198
5384,0.625155596368,198
5385,0.585322926232,198
5386,0.58358711493,198
5387,0.603899891301,198
5388,0.597773627595,198
5389,0.583504952437,198
539,0.62585733882,198
540,0.638604613385,198
5404,0.643646171424,198
5408,0.608134187402,198
5409,0.569768566895,198
541,0.632950823427,198
542,0.395571254467,198
5421,0.621202501203,198
5422,0.634616606315,198
5424,0.624267195112,198
5425,0.637436868687,198
5426,0.609806881071,198
5427,0.597632340444,198
5428,0.587399317081,198
5429,0.63616613058,198
5430,0.592825442065,198
5431,0.594446448613,198
5432,0.617416858645,198
5433,0.618705891305,198
5434,0.56209825528,198
5435,0.621632996633,198
5436,0.612240673716,198
544,0.644254688928,198
5447,0.604214766715,198
5448,0.605987119876,198
5449,0.612081964843,198
5450,0.607696875232,198
5453,0.599720752499,198
5454,0.647670322588,198
5458,0.627053258632,198
5459,0.470650953984,198
546,0.622380521634,198
5460,0.657196969697,198
5461,0.639981374024,198
5462,0.57009359128,198
5464,0.571977212602,198
5466,0.601661332114,198
5467,0.643371701511,198
5468,0.486139391278,198
5469,0.551869572922,198
547,0.615671641791,198
5470,0.612201492984,198
5471,0.608368108368,198
5475,0.653468013468,198
5476,0.637340213098,198
5477,0.598698092031,198
5478,0.587246337246,198
5479,0.645933014354,198
548,0.646528004055,198
5480,0.668889055986,198
5481,0.599016989822,198
5482,0.64080605385,198
5484,0.640876637865,198
5486,0.615612088865,198
5489,0.607724301842,198
549,0.612962962963,198
5492,0.6526973163,198
550,0.525325269152,198
5500,0.527267985014,198
5501,0.391591069935,198
5502,0.536557706697,198
5503,0.624700677047,198
5504,0.626577039107,198
5505,0.606820368184,198
5506,0.619251052943,198
5507,0.61887436769,198
551,0.578254769921,198
5510,0.65462767207,198
5511,0.653149714196,198
5512,0.656017641695,198
5513,0.627087057128,198
5515,0.6092947014,198
5516,0.615676539405,198
5517,0.631639279787,198
5518,0.570606862274,198
552,0.608234709033,198
5523,0.654780739118,198
5525,0.635492350405,198
5526,0.65694547097,198
5527,0.598662166459,198
553,0.584609988777,198
554,0.566035353535,198
5542,0.665652303627,198
5545,0.606829792175,198
5546,0.614808802309,198
5548,0.591811298994,198
5549,0.615146563676,198
555,0.595608866442,198
5550,0.610610441465,198
5551,0.611745565104,198
5552,0.624791981114,198
5553,0.615728940495,198
5554,0.660903609741,198
556,0.643629061701,198
5565,0.632749484036,198
5566,0.624056353004,198
5567,0.58310527276,198
5568,0.611485222596,198
5569,0.614983164983,198
5570,0.623672187645,198
5571,0.650017415535,198
5572,0.543347868484,198
5573,0.57271791994,198
5576,0.58758078873,198
5577,0.630226375183,198
5578,0.582704984113,198
5579,0.623953207287,198
5580,0.602312523516,198
5581,0.621145599869,198
5582,0.623687080448,198
5583,0.603713114583,198
5584,0.591295306001,198
5586,0.637126762127,198
5587,0.627775646763,198
5588,0.4858859917,198
5589,0.615648674242,198
559,0.613231627981,198
5590,0.588810813448,198
5591,0.650883838384,198
5592,0.60011189892,198
5609,0.630758605118,198
561,0.626740239416,198
5612,0.538604834137,198
5617,0.573672043821,198
5618,0.562675939725,198
5619,0.425370206924,198
5621,0.544366016254,198
5622,0.565388735843,198
5624,0.62294068795,198
563,0.655465328668,198
5634,0.674727272727,198
5635,0.65503257084,198
5636,0.610925925926,198
5637,0.591105227028,198
5638,0.602741025276,198
564,0.625856448079,198
5641,0.664144849859,198
5642,0.641608391608,198
5643,0.619695302864,198
5644,0.652887053915,198
5645,0.628320239431,198
5646,0.64336026936,198
5647,0.602336496276,198
565,0.643430286804,198
5651,0.608999262845,198
5653,0.671016783612,198
5654,0.59100261878,198
5657,0.578088578089,198
5658,0.58316303692,198
5659,0.606970977895,198
566,0.627596957227,198
5660,0.601192480359,198
5662,0.335019141184,198
5668,0.646868686869,198
567,0.633848345387,198
5670,0.648262283856,198
5671,0.625771604938,198
5673,0.546495886702,198
5679,0.609112400602,198
568,0.64814447238,198
5680,0.60925011564,198
5681,0.602905902685,198
5682,0.610110362888,198
5683,0.604906452845,198
5684,0.62729721457,198
5685,0.630134680135,198
5686,0.61317565227,198
5688,0.522573745844,198
569,0.565238240996,198
5691,0.627217804523,198
5693,0.601907968575,198
5694,0.611987727372,198
5695,0.608252740168,198
5696,0.625300625301,198
5697,0.572306397306,198
5699,0.622024394398,198
570,0.652618904275,198
571,0.632651720457,198
5711,0.581138085399,198
5712,0.586323356262,198
5713,0.662773569024,198
5723,0.632752360203,198
5724,0.601522471088,198
5726,0.522809248462,198
5728,0.585280516003,198
5729,0.545307473746,198
5730,0.590649037804,198
5731,0.58476926124,198
5732,0.61242302909,198
5733,0.59106325773,198
5734,0.622066822067,198
5736,0.595815952471,198
5737,0.60197920161,198
574,0.482877079979,198
5740,0.642654616339,198
575,0.620336090924,198
576,0.61553030303,198
5760,0.622253892056,198
577,0.622465958893,198
5774,0.577931437012,198
578,0.637001241652,198
5781,0.567799847212,198
5785,0.58931160756,198
5786,0.566324825867,198
5787,0.634820426487,198
5788,0.574813928761,198
5789,0.580089085297,198
579,0.562000210438,198
5790,0.65565745171,198
5795,0.621054947818,198
5796,0.605103114478,198
5799,0.472350840732,198
580,0.592116129852,198
5801,0.500696388247,198
5802,0.55942955943,198
581,0.562453162767,198
5819,0.606046030288,198
582,0.62399285722,198
5820,0.600575648963,198
5825,0.319732411838,198
5826,0.61869371219,198
583,0.631974669915,198
5837,0.618993312542,198
584,0.628266431777,198
5846,0.547304318909,198
5847,0.414156053286,198
585,0.638740216013,198
5850,0.620532738553,198
5851,0.512507841405,198
586,0.605816841111,198
5860,0.515554515555,198
5867,0.621150392817,198
588,0.637578902972,198
589,0.628825064568,198
590,0.64174008253,198
591,0.644991582492,198
595,0.623620309051,198
596,0.649389191056,198
597,0.61531986532,198
598,0.642428299055,198
6,0.604858104858,198
601,0.423666990051,198
602,0.583562901745,198
603,0.624435081654,198
604,0.626688967598,198
605,0.626617326303,198
606,0.630512642768,198
608,0.580226727709,198
609,0.565425615967,198
612,0.600290112869,198
613,0.607234247234,198
614,0.617315228791,198
615,0.624655647383,198
616,0.623354366285,198
617,0.611052040877,198
618,0.538355041645,198
619,0.627887437062,198
620,0.577615780446,198
622,0.598920755171,198
624,0.385309551976,198
625,0.594282085385,198
626,0.598783106657,198
627,0.652999979087,198
628,0.669716436312,198
629,0.56154639488,198
630,0.574675324675,198
631,0.544367283951,198
632,0.548735215402,198
633,0.609283566503,198
634,0.640528377456,198
635,0.511552774711,198
637,0.533580572228,198
638,0.638305259744,198
639,0.650982615268,198
64,0.62510472487,198
640,0.629694025869,198
641,0.661706349206,198
642,0.596911140389,198
643,0.6484295846,198
644,0.52775591412,198
645,0.638403196925,198
646,0.617181920212,198
648,0.635331300426,198
649,0.636889934948,198
65,0.5569862447,198
650,0.458575655545,198
651,0.611182749481,198
652,0.6071946315,198
653,0.622076622077,198
654,0.618686868687,198
655,0.588759714546,198
656,0.65271903226,198
657,0.642633685941,198
658,0.631685906686,198
659,0.641881066817,198
66,0.63511196225,198
660,0.639450056117,198
661,0.63317962231,198
662,0.618526379227,198
663,0.550513302964,198
664,0.617414805756,198
665,0.614345839346,198
666,0.563418867767,198
667,0.575962592356,198
668,0.642067324515,198
669,0.607597970445,198
67,0.631584663843,198
670,0.57994042994,198
671,0.618357592042,198
672,0.628571428571,198
676,0.652130083268,198
678,0.635752428746,198
679,0.613420467887,198
68,0.546689113356,198
680,0.498203321733,198
681,0.659973472095,198
682,0.639428049559,198
683,0.63472594425,198
685,0.642391428408,198
686,0.602295035157,198
687,0.586084727876,198
688,0.600886541254,198
689,0.642719241343,198
69,0.536356070064,198
690,0.39771659061,198
691,0.575328447877,198
693,0.608725400169,198
694,0.559472389439,198
695,0.637082486945,198
697,0.599887766554,198
699,0.634723636016,198
7,0.602878942328,198
70,0.638949983708,198
700,0.612549830651,198
701,0.620324373057,198
702,0.491939883001,198
705,0.595183788732,198
706,0.627611858659,198
707,0.628908972769,198
709,0.606291029475,198
71,0.650259523181,198
710,0.616403688299,198
711,0.604686076451,198
713,0.597655165756,198
714,0.614413893705,198
715,0.62294854735,198
716,0.595919512586,198
717,0.606183042547,198
718,0.611213335122,198
72,0.587822671156,198
720,0.651443695586,198
721,0.448555467282,198
722,0.642489248925,198
723,0.567143294416,198
724,0.646606983342,198
725,0.646508659581,198
726,0.60351098213,198
727,0.59434203789,198
728,0.601225780941,198
729,0.640078785971,198
73,0.619585687382,198
730,0.640604765605,198
731,0.642120610871,198
732,0.641830425467,198
733,0.618274701033,198
735,0.662790097656,198
737,0.663002930989,198
738,0.650096928885,198
739,0.622677794582,198
740,0.628105085187,198
741,0.656922330651,198
743,0.621800623233,198
745,0.635405781958,198
746,0.549825855753,198
747,0.598056032018,198
748,0.590913628649,198
749,0.601821090193,198
751,0.597606893306,198
752,0.628523751691,198
753,0.623843254346,198
755,0.627926026433,198
758,0.619068960366,198
759,0.605982666168,198
760,0.620099202314,198
761,0.631155681515,198
762,0.636340511341,198
763,0.625487971502,198
764,0.623949937081,198
765,0.587065306364,198
766,0.609180035651,198
767,0.641764631526,198
768,0.634320302259,198
769,0.643658810325,198
770,0.626274371623,198
771,0.638773983218,198
774,0.651969089336,198
775,0.620045439194,198
776,0.562558356676,198
777,0.644049187527,198
778,0.610986206147,198
779,0.589942636239,198
780,0.62032345311,198
781,0.59128679962,198
782,0.633162612036,198
783,0.620174346202,198
784,0.591395806247,198
785,0.645392521708,198
786,0.646387584768,198
787,0.620491388862,198
788,0.611632599848,198
789,0.568747978001,198
790,0.597416790859,198
791,0.613318368874,198
792,0.501572675554,198
793,0.580808080808,198
795,0.595578425767,198
796,0.580864197531,198
797,0.605637808834,198
798,0.614674665436,198
799,0.541613896354,198
800,0.613177436465,198
801,0.660998877666,198
802,0.637842600459,198
803,0.617407555734,198
804,0.617519895929,198
805,0.579808300115,198
806,0.64309291416,198
807,0.641961947518,198
808,0.570729517396,198
809,0.63191961018,198
810,0.620962583384,198
811,0.622907075288,198
812,0.62922705314,198
813,0.616738546514,198
814,0.548987820593,198
815,0.402627675355,198
816,0.584108093624,198
819,0.604077302707,198
820,0.60301078417,198
821,0.621475339716,198
822,0.602909436243,198
823,0.582539341405,198
824,0.587882105123,198
825,0.62275487999,198
826,0.62822293011,198
827,0.574871160585,198
828,0.619327884034,198
829,0.629027557274,198
83,0.631017308334,198
830,0.650983135832,198
832,0.593165270943,198
833,0.567297979798,198
834,0.600024398575,198
835,0.633013988684,198
836,0.618191170969,198
837,0.601167437616,198
838,0.600633599036,198
839,0.617899015262,198
84,0.676744749702,198
840,0.613801804947,198
841,0.62987012987,198
842,0.595878136201,198
843,0.651716003126,198
844,0.622226404835,198
845,0.645611672278,198
848,0.614916829203,198
849,0.635146923783,198
85,0.619991062892,198
850,0.608767262131,198
851,0.61355896126,198
852,0.586217603509,198
853,0.566962138391,198
854,0.557988691951,198
855,0.523626229937,198
856,0.577110293564,198
857,0.569922711968,198
858,0.577951713023,198
859,0.578594415611,198
86,0.480058271829,198
860,0.597295934867,198
861,0.600752046008,198
862,0.591464646465,198
863,0.614174148896,198
864,0.583754208754,198
865,0.589721558601,198
866,0.591902461468,198
867,0.604533709185,198
868,0.582983164983,198
869,0.613697294662,198
87,0.638437066746,198
870,0.652094133576,198
871,0.608118219229,198
872,0.611795412155,198
873,0.617239057239,198
874,0.532739677477,198
875,0.582144360269,198
876,0.58681716333,198
877,0.600041889948,198
878,0.605677464298,198
879,0.584015384411,198
88,0.646481111029,198
880,0.53443963444,198
881,0.611876339149,198
882,0.622811447811,198
883,0.597470287868,198
885,0.553541647,198
886,0.633508508509,198
887,0.647820932328,198
888,0.601279185296,198
889,0.602812905963,198
89,0.561439794773,198
890,0.623778387119,198
891,0.595267449657,198
892,0.611495388669,198
893,0.570996029951,198
894,0.627645104466,198
895,0.627105787072,198
897,0.623751481293,198
898,0.616184366184,198
899,0.615476662045,198
90,0.622909536133,198
900,0.592795424121,198
901,0.583052749719,198
902,0.635768329685,198
903,0.627452571228,198
904,0.595878136201,198
905,0.582325992162,198
906,0.62291113904,198
907,0.621160161284,198
908,0.602693602694,198
909,0.622916406867,198
911,0.612709665462,198
912,0.591622980863,198
913,0.607751256371,198
914,0.6087253753,198
915,0.634178037687,198
916,0.514865830017,198
917,0.617117779739,198
918,0.611536736819,198
92,0.637258190764,198
920,0.650375058603,198
922,0.604026076367,198
924,0.631077936225,198
925,0.615430793725,198
926,0.588128996386,198
929,0.655341291705,198
93,0.649106346735,198
931,0.6000410828,198
933,0.629165026892,198
934,0.63922826145,198
935,0.645342312009,198
936,0.648303309594,198
938,0.542368125701,198
94,0.638830629284,198
940,0.673886516168,198
942,0.643405065144,198
943,0.578017462763,198
944,0.515854377104,198
945,0.528515676243,198
947,0.590693435735,198
950,0.594916707651,198
951,0.647526976593,198
953,0.356913605243,198
954,0.636008069198,198
955,0.624826418612,198
956,0.616549583628,198
957,0.566297301372,198
958,0.434234821332,198
959,0.620186830713,198
96,0.558103712866,198
960,0.646860764508,198
961,0.595693510587,198
962,0.615957699056,198
963,0.61704105734,198
965,0.549329501916,198
966,0.537632561442,198
967,0.62872342039,198
968,0.647114605975,198
969,0.651026193306,198
97,0.63329331567,198
970,0.647683181017,198
971,0.566439977331,198
972,0.561354283577,198
973,0.650911527556,198
974,0.63487589069,198
975,0.619833469833,198
977,0.607252490954,198
978,0.621547788726,198
979,0.585845685463,198
980,0.635591037857,198
982,0.623420941603,198
983,0.62695070597,198
984,0.293438258555,198
986,0.614037433155,198
987,0.640038128623,198
988,0.618759337302,198
99,0.647976511317,198
992,0.62142864876,198
993,0.609364900196,198
995,0.595379325167,198
996,0.572716411426,198
997,0.541637797955,198
998,0.631588213288,198
999,0.613005050505,198
